Workbook
Name \0: #REF!
Name \0: #REF!
Name \0: #REF!
Name \0: #REF!
Name \0: #REF!
Name \a: #REF!
Name \a: #REF!
Name \a: #REF!
Name \AT: #REF!
Name \AT: #REF!
Name \AT: #REF!
Name \b: #REF!
Name \b: #REF!
Name \c: #REF!
Name \c: #REF!
Name \d: #REF!
Name \d: #REF!
Name \DCS: #REF!
Name \DCS: #REF!
Name \e: #REF!
Name \e: #REF!
Name \f: #REF!
Name \f: #REF!
Name \g: #REF!
Name \g: #REF!
Name \h: #REF!
Name \h: #REF!
Name \i: #REF!
Name \i: #REF!
Name \j: #REF!
Name \j: #REF!
Name \k: #REF!
Name \k: #REF!
Name \kd: #REF!
Name \kd: #REF!
Name \m: #REF!
Name \m: #REF!
Name \N: #REF!
Name \N: #REF!
Name \p: #REF!
Name \p: #REF!
Name \r: #REF!
Name \r: #REF!
Name \s: #REF!
Name \s: #REF!
Name \t: #N/A
Name \u: #REF!
Name \u: #REF!
Name \u: #REF!
Name \u: #REF!
Name \u: #REF!
Name \v: #REF!
Name \v: #REF!
Name \v: #REF!
Name \x: #REF!
Name \x: #REF!
Name \x: #REF!
Name \z: #REF!
Name \z: #REF!
Name __________Ano95: #REF!

Sheet Resumo
B2: 1 - Capacidade de recebimento rodoviário | F2: 2 - Capacidade de Venda por Filial | K2: 2 - Capacidade de expedição rodo por filial
B3: Capacidade Recebimento Rodo por Filial (m³) | F3: Capacidade Venda por Filial (m³) | K3: Capacidade Expedição por filial
A4: 1 | B4: =VLOOKUP(VLOOKUP(C4,'Recebimento Rodo - ALE'!E:H,4,0),'Recebimento Rodo - ALE'!$H:$I,2,0) -> GUARULHOS | C4: =LARGE('Recebimento Rodo - ALE'!E:E,Resumo!A4) -> 48441.543 | E4: 1 | F4: =VLOOKUP(VLOOKUP(G4,'Capacidade ALE'!A:F,5,0),'Capacidade ALE'!E:F,2,0) -> GUARULHOS | G4: =LARGE('Capacidade ALE'!A:A,Resumo!E4) -> 107286.25 | J4: 1 | K4: =VLOOKUP(L4,'Expedição Rodo - ALE'!B:E,4,0) -> BETIM | L4: =LARGE('Expedição Rodo - ALE'!B:B,Resumo!J4) -> 90988.924
A5: =A4+1 -> 2 | B5: =VLOOKUP(VLOOKUP(C5,'Recebimento Rodo - ALE'!E:H,4,0),'Recebimento Rodo - ALE'!$H:$I,2,0) -> PAULINIA | C5: =LARGE('Recebimento Rodo - ALE'!E:E,Resumo!A5) -> 41486.129 | E5: =E4+1 -> 2 | F5: =VLOOKUP(VLOOKUP(G5,'Capacidade ALE'!A:F,5,0),'Capacidade ALE'!E:F,2,0) -> DUQUE DE CAXIAS | G5: =LARGE('Capacidade ALE'!A:A,Resumo!E5) -> 97708.61 | J5: =J4+1 -> 2 | K5: =VLOOKUP(L5,'Expedição Rodo - ALE'!B:E,4,0) -> GUARULHOS | L5: =LARGE('Expedição Rodo - ALE'!B:B,Resumo!J5) -> 67171.079
A6: =A5+1 -> 3 | B6: =VLOOKUP(VLOOKUP(C6,'Recebimento Rodo - ALE'!E:H,4,0),'Recebimento Rodo - ALE'!$H:$I,2,0) -> IPOJUCA | C6: =LARGE('Recebimento Rodo - ALE'!E:E,Resumo!A6) -> 36287.333 | E6: =E5+1 -> 3 | F6: =VLOOKUP(VLOOKUP(G6,'Capacidade ALE'!A:F,5,0),'Capacidade ALE'!E:F,2,0) -> PAULINIA | G6: =LARGE('Capacidade ALE'!A:A,Resumo!E6) -> 84138.491 | J6: =J5+1 -> 3 | K6: =VLOOKUP(L6,'Expedição Rodo - ALE'!B:E,4,0) -> PAULINIA | L6: =LARGE('Expedição Rodo - ALE'!B:B,Resumo!J6) -> 56760
A7: =A6+1 -> 4 | B7: =VLOOKUP(VLOOKUP(C7,'Recebimento Rodo - ALE'!E:H,4,0),'Recebimento Rodo - ALE'!$H:$I,2,0) -> BETIM | C7: =LARGE('Recebimento Rodo - ALE'!E:E,Resumo!A7) -> 33168.39 | E7: =E6+1 -> 4 | F7: =VLOOKUP(VLOOKUP(G7,'Capacidade ALE'!A:F,5,0),'Capacidade ALE'!E:F,2,0) -> BETIM | G7: =LARGE('Capacidade ALE'!A:A,Resumo!E7) -> 40164.72 | J7: =J6+1 -> 4 | K7: =VLOOKUP(L7,'Expedição Rodo - ALE'!B:E,4,0) -> SAO JOSE DO RIO PRETO | L7: =LARGE('Expedição Rodo - ALE'!B:B,Resumo!J7) -> 56140.501
A8: =A7+1 -> 5 | B8: =VLOOKUP(VLOOKUP(C8,'Recebimento Rodo - ALE'!E:H,4,0),'Recebimento Rodo - ALE'!$H:$I,2,0) -> GOIANIA | C8: =LARGE('Recebimento Rodo - ALE'!E:E,Resumo!A8) -> 30571.429 | E8: =E7+1 -> 5 | F8: =VLOOKUP(VLOOKUP(G8,'Capacidade ALE'!A:F,5,0),'Capacidade ALE'!E:F,2,0) -> GUAMARE | G8: =LARGE('Capacidade ALE'!A:A,Resumo!E8) -> 37755.231 | J8: =J7+1 -> 5 | K8: =VLOOKUP(L8,'Expedição Rodo - ALE'!B:E,4,0) -> SAO LUIS | L8: =LARGE('Expedição Rodo - ALE'!B:B,Resumo!J8) -> 52416
A9: =A8+1 -> 6 | B9: =VLOOKUP(VLOOKUP(C9,'Recebimento Rodo - ALE'!E:H,4,0),'Recebimento Rodo - ALE'!$H:$I,2,0) -> TERESINA | C9: =LARGE('Recebimento Rodo - ALE'!E:E,Resumo!A9) -> 27765.926 | E9: =E8+1 -> 6 | F9: =VLOOKUP(VLOOKUP(G9,'Capacidade ALE'!A:F,5,0),'Capacidade ALE'!E:F,2,0) -> SAO JOSE DO RIO PRETO | G9: =LARGE('Capacidade ALE'!A:A,Resumo!E9) -> 24899.324 | J9: =J8+1 -> 6 | K9: =VLOOKUP(L9,'Expedição Rodo - ALE'!B:E,4,0) -> IPOJUCA | L9: =LARGE('Expedição Rodo - ALE'!B:B,Resumo!J9) -> 44068.4
A10: =A9+1 -> 7 | B10: =VLOOKUP(VLOOKUP(C10,'Recebimento Rodo - ALE'!E:H,4,0),'Recebimento Rodo - ALE'!$H:$I,2,0) -> BAURU | C10: =LARGE('Recebimento Rodo - ALE'!E:E,Resumo!A10) -> 20232.023 | E10: =E9+1 -> 7 | F10: =VLOOKUP(VLOOKUP(G10,'Capacidade ALE'!A:F,5,0),'Capacidade ALE'!E:F,2,0) -> IPOJUCA | G10: =LARGE('Capacidade ALE'!A:A,Resumo!E10) -> 23877.26 | J10: =J9+1 -> 7 | K10: =VLOOKUP(L10,'Expedição Rodo - ALE'!B:E,4,0) -> GOIANIA | L10: =LARGE('Expedição Rodo - ALE'!B:B,Resumo!J10) -> 43701.667
A11: =A10+1 -> 8 | B11: =VLOOKUP(VLOOKUP(C11,'Recebimento Rodo - ALE'!E:H,4,0),'Recebimento Rodo - ALE'!$H:$I,2,0) -> LEM | C11: =LARGE('Recebimento Rodo - ALE'!E:E,Resumo!A11) -> 16344.922 | E11: =E10+1 -> 8 | F11: =VLOOKUP(VLOOKUP(G11,'Capacidade ALE'!A:F,5,0),'Capacidade ALE'!E:F,2,0) -> GOIANIA | G11: =LARGE('Capacidade ALE'!A:A,Resumo!E11) -> 21975.202 | J11: =J10+1 -> 8 | K11: =VLOOKUP(L11,'Expedição Rodo - ALE'!B:E,4,0) -> RONDONOPOLIS | L11: =LARGE('Expedição Rodo - ALE'!B:B,Resumo!J11) -> 37789
A12: =A11+1 -> 9 | B12: =VLOOKUP(VLOOKUP(C12,'Recebimento Rodo - ALE'!E:H,4,0),'Recebimento Rodo - ALE'!$H:$I,2,0) -> DUQUE DE CAXIAS | C12: =LARGE('Recebimento Rodo - ALE'!E:E,Resumo!A12) -> 13305.94 | E12: =E11+1 -> 9 | F12: =VLOOKUP(VLOOKUP(G12,'Capacidade ALE'!A:F,5,0),'Capacidade ALE'!E:F,2,0) -> SAO LUIS | G12: =LARGE('Capacidade ALE'!A:A,Resumo!E12) -> 21576.679 | J12: =J11+1 -> 9 | K12: =VLOOKUP(L12,'Expedição Rodo - ALE'!B:E,4,0) -> DUQUE DE CAXIAS | L12: =LARGE('Expedição Rodo - ALE'!B:B,Resumo!J12) -> 28176.811
A13: =A12+1 -> 10 | B13: =VLOOKUP(VLOOKUP(C13,'Recebimento Rodo - ALE'!E:H,4,0),'Recebimento Rodo - ALE'!$H:$I,2,0) -> RIBEIRAO PRETO | C13: =LARGE('Recebimento Rodo - ALE'!E:E,Resumo!A13) -> 12465.166 | E13: =E12+1 -> 10 | F13: =VLOOKUP(VLOOKUP(G13,'Capacidade ALE'!A:F,5,0),'Capacidade ALE'!E:F,2,0) -> BRASILIA | G13: =LARGE('Capacidade ALE'!A:A,Resumo!E13) -> 20512.8 | J13: =J12+1 -> 10 | K13: =VLOOKUP(L13,'Expedição Rodo - ALE'!B:E,4,0) -> ITAJAI | L13: =LARGE('Expedição Rodo - ALE'!B:B,Resumo!J13) -> 27588
A14: =A13+1 -> 11 | B14: =VLOOKUP(VLOOKUP(C14,'Recebimento Rodo - ALE'!E:H,4,0),'Recebimento Rodo - ALE'!$H:$I,2,0) -> PORTO NACIONAL | C14: =LARGE('Recebimento Rodo - ALE'!E:E,Resumo!A14) -> 12348.674 | E14: =E13+1 -> 11 | F14: =VLOOKUP(VLOOKUP(G14,'Capacidade ALE'!A:F,5,0),'Capacidade ALE'!E:F,2,0) -> CANOAS | G14: =LARGE('Capacidade ALE'!A:A,Resumo!E14) -> 17020.444 | J14: =J13+1 -> 11 | K14: =VLOOKUP(L14,'Expedição Rodo - ALE'!B:E,4,0) -> GUAMARE | L14: =LARGE('Expedição Rodo - ALE'!B:B,Resumo!J14) -> 26620.18
A15: =A14+1 -> 12 | B15: =VLOOKUP(VLOOKUP(C15,'Recebimento Rodo - ALE'!E:H,4,0),'Recebimento Rodo - ALE'!$H:$I,2,0) -> LAGES | C15: =LARGE('Recebimento Rodo - ALE'!E:E,Resumo!A15) -> 11410.543 | E15: =E14+1 -> 12 | F15: =VLOOKUP(VLOOKUP(G15,'Capacidade ALE'!A:F,5,0),'Capacidade ALE'!E:F,2,0) -> ARAUCARIA | G15: =LARGE('Capacidade ALE'!A:A,Resumo!E15) -> 11863.628 | J15: =J14+1 -> 12 | K15: =VLOOKUP(L15,'Expedição Rodo - ALE'!B:E,4,0) -> PORTO NACIONAL | L15: =LARGE('Expedição Rodo - ALE'!B:B,Resumo!J15) -> 24544
A16: =A15+1 -> 13 | B16: =VLOOKUP(VLOOKUP(C16,'Recebimento Rodo - ALE'!E:H,4,0),'Recebimento Rodo - ALE'!$H:$I,2,0) -> CANOAS | C16: =LARGE('Recebimento Rodo - ALE'!E:E,Resumo!A16) -> 11373.958 | E16: =E15+1 -> 13 | F16: =VLOOKUP(VLOOKUP(G16,'Capacidade ALE'!A:F,5,0),'Capacidade ALE'!E:F,2,0) -> CUIABA | G16: =LARGE('Capacidade ALE'!A:A,Resumo!E16) -> 10726.637 | J16: =J15+1 -> 13 | K16: =VLOOKUP(L16,'Expedição Rodo - ALE'!B:E,4,0) -> ARAUCARIA | L16: =LARGE('Expedição Rodo - ALE'!B:B,Resumo!J16) -> 21830
... A46: =A45+1 -> 43 | B46: =VLOOKUP(VLOOKUP(C46,'Recebimento Rodo - ALE'!E:H,4,0),'Recebimento Rodo - ALE'!$H:$I,2,0) -> RIO GRANDE | C46: =LARGE('Recebimento Rodo - ALE'!E:E,Resumo!A46) -> 1077.931 | E46: =E45+1 -> 43 | F46: =VLOOKUP(VLOOKUP(G46,'Capacidade ALE'!A:F,5,0),'Capacidade ALE'!E:F,2,0) -> ACAILANDIA | G46: =LARGE('Capacidade ALE'!A:A,Resumo!E46) -> 0 | J46: =J45+1 -> 43 | K46: =VLOOKUP(L46,'Expedição Rodo - ALE'!B:E,4,0) -> SARANDI | L46: =LARGE('Expedição Rodo - ALE'!B:B,Resumo!J46) -> 2304.1152
A52: 1 - Capacidades de movimentação, descarga, venda e expedição mensal
A58: 1.1 - Capacidades de venda mensal
A60: Tipo de Infraestrutura | B60: Capacidade de venda ALE (m³/mês) | C60: % | E60: Tipo de Infraestrutura | F60: Capacidade de venda ALE (m³/mês) | G60: %
A61: Própria e Pools | B61: =B62+B63 -> 446590.34 | C61: =B61/$B$66 -> 0.69230128 | E61: Própria | F61: =SUMIFS('Capacidade ALE'!E:E,'Capacidade ALE'!G:G,CONCATENATE(Resumo!E61,"Total")) -> 0 | G61: =F61/$B$89 -> 0
A62: Própria | B62: =SUMIFS('Capacidade ALE'!A:A,'Capacidade ALE'!C:C,CONCATENATE(Resumo!A62,"Total")) -> 268557.85 | C62: =B62/$B$66 -> 0.41631655 | E62: Pool | F62: =SUMIFS('Capacidade ALE'!A:A,'Capacidade ALE'!C:C,CONCATENATE(Resumo!E62,"Total")) -> 178032.48 | G62: =F62/$B$89 -> 0.39885965
A63: Pool | B63: =SUMIFS('Capacidade ALE'!A:A,'Capacidade ALE'!C:C,CONCATENATE(Resumo!A63,"Total")) -> 178032.48 | C63: =B63/$B$66 -> 0.27598474 | E63: Própria e Pools | F63: =F62+F61 -> 178032.48 | G63: =F63/$B$66 -> 0.27598474
A64: Terceiros | B64: =SUMIFS('Capacidade ALE'!A:A,'Capacidade ALE'!C:C,CONCATENATE(Resumo!A64,"Total")) -> 197228.8 | C64: =B64/$B$66 -> 0.30574274 | E64: Terceiros | F64: =SUMIFS('Capacidade ALE'!A:A,'Capacidade ALE'!C:C,CONCATENATE(Resumo!E64,"Total")) -> 197228.8 | G64: =F64/$B$66 -> 0.30574274
A65: Democrática | B65: =SUMIFS('Capacidade ALE'!A:A,'Capacidade ALE'!C:C,CONCATENATE(Resumo!A65,"Total")) -> 1261.7647 | C65: =B65/$B$66 -> 0.001955979 | E65: Democrática | F65: =SUMIFS('Capacidade ALE'!A:A,'Capacidade ALE'!C:C,CONCATENATE(Resumo!E65,"Total")) -> 1261.7647 | G65: =F65/$B$66 -> 0.001955979
A66: Total | B66: =SUM(B62:B65) -> 645080.9 | C66: =SUM(C62:C65) -> 1 | E66: Total | F66: =SUM(F63:F65) -> 376523.05 | G66: =SUM(G63:G65) -> 0.58368345
A76: As capacidades de venda consideram a variação de demanda, os recebimentos através de todos os modais, os intervalos de recebimento de cada par produto / base, a variabilidade de cada modal e as tancagens de cada filial deduzido as operações cedidas para terceiros nas bases próprias e Pools e as transferências para as filiais secundárias e terceárias.
A81: 1.2 - Capacidade de recebimento rodoviário
A83: Tipo de Infraestrutura | B83: Capacidade estimada de descarga RODO ALE (m³/mês) | C83: % | E83: Tipo de Infraestrutura | F83: Capacidade estimada de descarga RODO ALE (m³/mês) | G83: %
A84: Própria e Pools | B84: =B85+B86 -> 215999.74 | C84: =B84/$B$89 -> 0.48392057 | E84: Própria | F84: =SUMIFS('[234]Recebimento Rodo - ALE'!T:T,'[234]Recebimento Rodo - ALE'!J:J,CONCATENATE(Resumo!E84,"Total")) -> #VALUE! | G84: =F84/$B$89 -> #VALUE!
A85: Própria | B85: =SUMIFS('Recebimento Rodo - ALE'!P:P,'Recebimento Rodo - ALE'!F:F,CONCATENATE(Resumo!A85,"Total")) -> 141832.22 | C85: =B85/$B$89 -> 0.31775747 | E85: Pool | F85: =SUMIFS('[234]Recebimento Rodo - ALE'!T:T,'[234]Recebimento Rodo - ALE'!J:J,CONCATENATE(Resumo!E85,"Total")) -> #VALUE! | G85: =F85/$B$89 -> #VALUE!
A86: Pool | B86: =SUMIFS('Recebimento Rodo - ALE'!P:P,'Recebimento Rodo - ALE'!F:F,CONCATENATE(Resumo!A86,"Total")) -> 74167.517 | C86: =B86/$B$89 -> 0.1661631 | E86: Própria e Pools | F86: =F85+F84 -> #VALUE! | G86: =F86/$B$89 -> #VALUE!
A87: Terceiros | B87: =SUMIFS('Recebimento Rodo - ALE'!P:P,'Recebimento Rodo - ALE'!F:F,CONCATENATE(Resumo!A87,"Total")) -> 220521.04 | C87: =B87/$B$89 -> 0.49404998 | E87: Terceiros | F87: =SUMIFS('[234]Recebimento Rodo - ALE'!T:T,'[234]Recebimento Rodo - ALE'!J:J,CONCATENATE(Resumo!E87,"Total")) -> #VALUE! | G87: =F87/$B$89 -> #VALUE!
A88: Democrática | B88: =SUMIFS('Recebimento Rodo - ALE'!P:P,'Recebimento Rodo - ALE'!F:F,CONCATENATE(Resumo!A88,"Total")) -> 9832.9299 | C88: =B88/$B$89 -> 0.022029457 | E88: Democrática | F88: =SUMIFS('[234]Recebimento Rodo - ALE'!T:T,'[234]Recebimento Rodo - ALE'!J:J,CONCATENATE(Resumo!E88,"Total")) -> #VALUE! | G88: =F88/$B$89 -> #VALUE!
A89: Total | B89: =SUM(B85:B88) -> 446353.71 | C89: =SUM(C85:C88) -> 1 | E89: Total | F89: =SUM(F86:F88) -> #VALUE! | G89: =SUM(G86:G88) -> #VALUE!
A99: As capacidades de recebimento rodoviário refletem as seguintes condições: - Pools e Filiais Próprias: Nº de posições de descarga para cada produto, exclusiva ou compartilhada. - Operações em 3º's: Basicamente, por ordem de chegada e/ou nº de janelas disponibilizadas - Demais pontos: Capacidade média de CT por recebimento, distribuição da disponibilidade de recebimento entre os produtos de cada filial através da participação no Ale 738 ou no número de janelas disponibilizada por produto, deduzido às movimentações dos espaços cedidos para 3º's e considerando a participação ALE nos pools. - Dados e informações - Time de Operações
A106: 1.3 - Capacidade de expedição rodoviária
A108: Tipo de Infraestrutura | B108: Capacidade estimada de expedição RODO ALE (m³/mês) | C108: % | E108: Tipo de Infraestrutura | F108: Capacidade estimada de descarga RODO ALE (m³/mês) | G108: %
A109: Própria e Pools | B109: =B111+B110 -> 403137.65 | C109: =B109/$B$114 -> 0.48984397 | E109: Própria e Pools | F109: =F111+F110 -> #VALUE! | G109: =F109/$B$89 -> #VALUE!
A110: Própria | B110: =SUMIFS('Expedição Rodo - ALE'!H:H,'Expedição Rodo - ALE'!C:C,Resumo!A110) -> 241428.97 | C110: =B110/$B$114 -> 0.2933552 | E110: Própria | F110: =SUMIFS('[234]Recebimento Rodo - ALE'!T:T,'[234]Recebimento Rodo - ALE'!J:J,CONCATENATE(Resumo!E110,"Total")) -> #VALUE! | G110: =F110/$B$89 -> #VALUE!
A111: Pool | B111: =SUMIFS('Expedição Rodo - ALE'!H:H,'Expedição Rodo - ALE'!C:C,Resumo!A111) -> 161708.68 | C111: =B111/$B$114 -> 0.19648877 | E111: Pool | F111: =SUMIFS('[234]Recebimento Rodo - ALE'!T:T,'[234]Recebimento Rodo - ALE'!J:J,CONCATENATE(Resumo!E111,"Total")) -> #VALUE! | G111: =F111/$B$89 -> #VALUE!
A112: Terceiros | B112: =SUMIFS('Expedição Rodo - ALE'!H:H,'Expedição Rodo - ALE'!C:C,Resumo!A112) -> 392399.52 | C112: =B112/$B$114 -> 0.47679629 | E112: Terceiros | F112: =SUMIFS('[234]Recebimento Rodo - ALE'!T:T,'[234]Recebimento Rodo - ALE'!J:J,CONCATENATE(Resumo!E112,"Total")) -> #VALUE! | G112: =F112/$B$89 -> #VALUE!
A113: Democrática | B113: =SUMIFS('Expedição Rodo - ALE'!H:H,'Expedição Rodo - ALE'!C:C,Resumo!A113) -> 27454.8 | C113: =B113/$B$114 -> 0.033359742 | E113: Democrática | F113: =SUMIFS('[234]Recebimento Rodo - ALE'!T:T,'[234]Recebimento Rodo - ALE'!J:J,CONCATENATE(Resumo!E113,"Total")) -> #VALUE! | G113: =F113/$B$89 -> #VALUE!
A114: Total | B114: =SUM(B110:B113) -> 822991.97 | C114: =SUM(C110:C113) -> 1 | E114: Total | F114: =SUM(F109:F113) -> #VALUE! | G114: =SUM(G109:G113) -> #VALUE!
A123: As capacidades de expedição rodoviária refletem as seguintes condições: - Filiais próprias e Pools: Capacidade média de CT por carregamento, nº de CT''s carregados por hora, horário de funcionamento de cada filial, deduzido as movimentações dos espaços cedidos para 3º's e considerando a participação ALE nos pools. - Operações em 3º's: Capacidade média de CT por carregamento, nº de CT''s carregados por hora e horário de funcionamento de cada filial. Nas filiais, onde a capacidade de expedição rodoviária estiver abaixo da capacidade de venda mensal, prevalece a capacidade de venda mensal em virtude do terminal ter a obrigatoriedade de garantia do giro dos espaços contratados em semelhança ao comportamento da logística da filial. As capacidades apresentadas competem a todos os produtos. Dados e informações - Time de Operações
A134: Elaborado pelo time de Planejamento Logístico / Ativos Operacionais
A135: Dúvidas e Contribuições, gentileza falar com Rodrigo.mendes, Vinicius.pacheco ou Guilherme.carvalho

Sheet Capacidade ALE
A1: 1 - Capacidade de venda mensal | E1: 1 - Capacidades de movimentação, descarga, venda e expedição mensal
E4: Código Da Base | F4: Unidade | G4: Produto | I4: Tancagem disponível para Movimentação (m³) | K4: Capacidade mensal de recebimento rodoviário (m³) | L4: Capacidade de Mensal de movimentação (m³) | N4: Produto Misturado | O4: Capacidade de Mensal de venda (m³) | P4: Capacidade mensal de Expedição rodoviária (m³) | Q4: Observações | S4: Produto Misturado | T4: Venda Média Mensal (m³) - 6 meses | U4: Venda Média Mensal (m³) - 12 meses
A5: =IF(RIGHT(F5,5)="Total",O5,0) -> 0 | B5: =RIGHT(F5,5) -> ANDIA | C5: =CONCATENATE(D5,RIGHT(F5,5)) -> TerceirosANDIA | D5: Terceiros | E5: 33 | F5: ACAILANDIA | G5: B100 | I5: =IF(RIGHT(F5,5)="Total",VLOOKUP(F5,'BD Cap Venda ALE'!$D:$K,4,0),SUMIFS('BD Cap Venda ALE'!G:G,'BD Cap Venda ALE'!E:E,'Capacidade ALE'!G5,'BD Cap Venda ALE'!C:C,'Capacidade ALE'!E5)) -> 45 | K5: =IF(RIGHT(F5,5)="Total",VLOOKUP(F5,'Recebimento Rodo - ALE'!$I:$P,8,0),SUMIFS('Recebimento Rodo - ALE'!P:P,'Recebimento Rodo - ALE'!I:I,'Capacidade ALE'!F5,'Recebimento Rodo - ALE'!K:K,'Capacidade ALE'!G5)) -> 163.39286 | L5: =IF(RIGHT(F5,5)="Total",VLOOKUP(F5,'BD Cap Venda ALE'!$D:$K,5,0),SUMIFS('BD Cap Venda ALE'!H:H,'BD Cap Venda ALE'!E:E,'Capacidade ALE'!G5,'BD Cap Venda ALE'!C:C,'Capacidade ALE'!E5)) -> 154.28571 | O5: =IF(RIGHT(F5,5)="Total",VLOOKUP(F5,'BD Cap Venda ALE'!$D:$K,8,0),SUMIFS('BD Cap Venda ALE'!K:K,'BD Cap Venda ALE'!E:E,'Capacidade ALE'!G5,'BD Cap Venda ALE'!C:C,'Capacidade ALE'!E5)) -> 0 | P5: =IF(RIGHT(F5,5)="Total",VLOOKUP(F5,'Expedição Rodo - ALE'!$A:$H,8,0),"") | Q5: =IF(P11<O11,"capacidade de expedição rodoviária abaixo da capacidade de venda mensal, prevalece a capacidade de venda mensal em virtude do terminal ter a obrigatoriedade de garantia do giro dos espaços contratados em linha com a logística da filial.","") | T5: =IFERROR(SUMIFS('BD Cap Venda ALE'!M:M,'BD Cap Venda ALE'!E:E,'Capacidade ALE'!G5,'BD Cap Venda ALE'!C:C,'Capacidade ALE'!E5),0) -> 61.316667 | U5: =IFERROR(SUMIFS('BD Cap Venda ALE'!N:N,'BD Cap Venda ALE'!E:E,'Capacidade ALE'!G5,'BD Cap Venda ALE'!C:C,'Capacidade ALE'!E5),0) -> 57.816667
A6: =IF(RIGHT(F6,5)="Total",O6,0) -> 0 | B6: =RIGHT(F6,5) -> ANDIA | C6: =CONCATENATE(D6,RIGHT(F6,5)) -> TerceirosANDIA | D6: Terceiros | E6: 33 | F6: ACAILANDIA | G6: Diesel A S10 | I6: =IF(RIGHT(F6,5)="Total",VLOOKUP(F6,'BD Cap Venda ALE'!$D:$K,4,0),SUMIFS('BD Cap Venda ALE'!G:G,'BD Cap Venda ALE'!E:E,'Capacidade ALE'!G6,'BD Cap Venda ALE'!C:C,'Capacidade ALE'!E6)) -> 5 | K6: =IF(RIGHT(F6,5)="Total",VLOOKUP(F6,'Recebimento Rodo - ALE'!$I:$P,8,0),SUMIFS('Recebimento Rodo - ALE'!P:P,'Recebimento Rodo - ALE'!I:I,'Capacidade ALE'!F6,'Recebimento Rodo - ALE'!K:K,'Capacidade ALE'!G6)) -> 12.708333 | L6: =IF(RIGHT(F6,5)="Total",VLOOKUP(F6,'BD Cap Venda ALE'!$D:$K,5,0),SUMIFS('BD Cap Venda ALE'!H:H,'BD Cap Venda ALE'!E:E,'Capacidade ALE'!G6,'BD Cap Venda ALE'!C:C,'Capacidade ALE'!E6)) -> 40 | N6: Diesel B S10 | O6: =IF(RIGHT(F6,5)="Total",VLOOKUP(F6,'BD Cap Venda ALE'!$D:$K,8,0),SUMIFS('BD Cap Venda ALE'!K:K,'BD Cap Venda ALE'!E:E,'Capacidade ALE'!G6,'BD Cap Venda ALE'!C:C,'Capacidade ALE'!E6)) -> 41.474654 | P6: =IF(RIGHT(F6,5)="Total",VLOOKUP(F6,'Expedição Rodo - ALE'!$A:$H,8,0),"") | S6: Diesel B S10 | T6: =IFERROR(SUMIFS('BD Cap Venda ALE'!M:M,'BD Cap Venda ALE'!E:E,'Capacidade ALE'!G6,'BD Cap Venda ALE'!C:C,'Capacidade ALE'!E6),0) -> 285.75 | U6: =IFERROR(SUMIFS('BD Cap Venda ALE'!N:N,'BD Cap Venda ALE'!E:E,'Capacidade ALE'!G6,'BD Cap Venda ALE'!C:C,'Capacidade ALE'!E6),0) -> 260.4
A7: =IF(RIGHT(F7,5)="Total",O7,0) -> 0 | B7: =RIGHT(F7,5) -> ANDIA | C7: =CONCATENATE(D7,RIGHT(F7,5)) -> TerceirosANDIA | D7: Terceiros | E7: 33 | F7: ACAILANDIA | G7: Diesel A S500 | I7: =IF(RIGHT(F7,5)="Total",VLOOKUP(F7,'BD Cap Venda ALE'!$D:$K,4,0),SUMIFS('BD Cap Venda ALE'!G:G,'BD Cap Venda ALE'!E:E,'Capacidade ALE'!G7,'BD Cap Venda ALE'!C:C,'Capacidade ALE'!E7)) -> 150 | K7: =IF(RIGHT(F7,5)="Total",VLOOKUP(F7,'Recebimento Rodo - ALE'!$I:$P,8,0),SUMIFS('Recebimento Rodo - ALE'!P:P,'Recebimento Rodo - ALE'!I:I,'Capacidade ALE'!F7,'Recebimento Rodo - ALE'!K:K,'Capacidade ALE'!G7)) -> 381.25 | L7: =IF(RIGHT(F7,5)="Total",VLOOKUP(F7,'BD Cap Venda ALE'!$D:$K,5,0),SUMIFS('BD Cap Venda ALE'!H:H,'BD Cap Venda ALE'!E:E,'Capacidade ALE'!G7,'BD Cap Venda ALE'!C:C,'Capacidade ALE'!E7)) -> 1200 | N7: Diesel B S500 | O7: =IF(RIGHT(F7,5)="Total",VLOOKUP(F7,'BD Cap Venda ALE'!$D:$K,8,0),SUMIFS('BD Cap Venda ALE'!K:K,'BD Cap Venda ALE'!E:E,'Capacidade ALE'!G7,'BD Cap Venda ALE'!C:C,'Capacidade ALE'!E7)) -> 1244.2396 | P7: =P11 -> 4158 | S7: Diesel B S500 | T7: =IFERROR(SUMIFS('BD Cap Venda ALE'!M:M,'BD Cap Venda ALE'!E:E,'Capacidade ALE'!G7,'BD Cap Venda ALE'!C:C,'Capacidade ALE'!E7),0) -> 266.1 | U7: =IFERROR(SUMIFS('BD Cap Venda ALE'!N:N,'BD Cap Venda ALE'!E:E,'Capacidade ALE'!G7,'BD Cap Venda ALE'!C:C,'Capacidade ALE'!E7),0) -> 259.95
A8: =IF(RIGHT(F8,5)="Total",O8,0) -> 0 | B8: =RIGHT(F8,5) -> ANDIA | C8: =CONCATENATE(D8,RIGHT(F8,5)) -> TerceirosANDIA | D8: Terceiros | E8: 33 | F8: ACAILANDIA | G8: Etanol Anidro | I8: =IF(RIGHT(F8,5)="Total",VLOOKUP(F8,'BD Cap Venda ALE'!$D:$K,4,0),SUMIFS('BD Cap Venda ALE'!G:G,'BD Cap Venda ALE'!E:E,'Capacidade ALE'!G8,'BD Cap Venda ALE'!C:C,'Capacidade ALE'!E8)) -> 60 | K8: =IF(RIGHT(F8,5)="Total",VLOOKUP(F8,'Recebimento Rodo - ALE'!$I:$P,8,0),SUMIFS('Recebimento Rodo - ALE'!P:P,'Recebimento Rodo - ALE'!I:I,'Capacidade ALE'!F8,'Recebimento Rodo - ALE'!K:K,'Capacidade ALE'!G8)) -> 508.33333 | L8: =IF(RIGHT(F8,5)="Total",VLOOKUP(F8,'BD Cap Venda ALE'!$D:$K,5,0),SUMIFS('BD Cap Venda ALE'!H:H,'BD Cap Venda ALE'!E:E,'Capacidade ALE'!G8,'BD Cap Venda ALE'!C:C,'Capacidade ALE'!E8)) -> 480 | O8: =IF(RIGHT(F8,5)="Total",VLOOKUP(F8,'BD Cap Venda ALE'!$D:$K,8,0),SUMIFS('BD Cap Venda ALE'!K:K,'BD Cap Venda ALE'!E:E,'Capacidade ALE'!G8,'BD Cap Venda ALE'!C:C,'Capacidade ALE'!E8)) -> 0 | P8: =IF(RIGHT(F8,5)="Total",VLOOKUP(F8,'Expedição Rodo - ALE'!$A:$H,8,0),"") | T8: =IFERROR(SUMIFS('BD Cap Venda ALE'!M:M,'BD Cap Venda ALE'!E:E,'Capacidade ALE'!G8,'BD Cap Venda ALE'!C:C,'Capacidade ALE'!E8),0) -> 177.03 | U8: =IFERROR(SUMIFS('BD Cap Venda ALE'!N:N,'BD Cap Venda ALE'!E:E,'Capacidade ALE'!G8,'BD Cap Venda ALE'!C:C,'Capacidade ALE'!E8),0) -> 147.5775
A9: =IF(RIGHT(F9,5)="Total",O9,0) -> 0 | B9: =RIGHT(F9,5) -> ANDIA | C9: =CONCATENATE(D9,RIGHT(F9,5)) -> TerceirosANDIA | D9: Terceiros | E9: 33 | F9: ACAILANDIA | G9: Etanol Hidratado | I9: =IF(RIGHT(F9,5)="Total",VLOOKUP(F9,'BD Cap Venda ALE'!$D:$K,4,0),SUMIFS('BD Cap Venda ALE'!G:G,'BD Cap Venda ALE'!E:E,'Capacidade ALE'!G9,'BD Cap Venda ALE'!C:C,'Capacidade ALE'!E9)) -> 0 | K9: =IF(RIGHT(F9,5)="Total",VLOOKUP(F9,'Recebimento Rodo - ALE'!$I:$P,8,0),SUMIFS('Recebimento Rodo - ALE'!P:P,'Recebimento Rodo - ALE'!I:I,'Capacidade ALE'!F9,'Recebimento Rodo - ALE'!K:K,'Capacidade ALE'!G9)) -> 0 | L9: =IF(RIGHT(F9,5)="Total",VLOOKUP(F9,'BD Cap Venda ALE'!$D:$K,5,0),SUMIFS('BD Cap Venda ALE'!H:H,'BD Cap Venda ALE'!E:E,'Capacidade ALE'!G9,'BD Cap Venda ALE'!C:C,'Capacidade ALE'!E9)) -> 0 | N9: Álcool | O9: =IF(RIGHT(F9,5)="Total",VLOOKUP(F9,'BD Cap Venda ALE'!$D:$K,8,0),SUMIFS('BD Cap Venda ALE'!K:K,'BD Cap Venda ALE'!E:E,'Capacidade ALE'!G9,'BD Cap Venda ALE'!C:C,'Capacidade ALE'!E9)) -> 0 | P9: =IF(RIGHT(F9,5)="Total",VLOOKUP(F9,'Expedição Rodo - ALE'!$A:$H,8,0),"") | S9: Álcool | T9: =IFERROR(SUMIFS('BD Cap Venda ALE'!M:M,'BD Cap Venda ALE'!E:E,'Capacidade ALE'!G9,'BD Cap Venda ALE'!C:C,'Capacidade ALE'!E9),0) -> 0 | U9: =IFERROR(SUMIFS('BD Cap Venda ALE'!N:N,'BD Cap Venda ALE'!E:E,'Capacidade ALE'!G9,'BD Cap Venda ALE'!C:C,'Capacidade ALE'!E9),0) -> 0
A10: =IF(RIGHT(F10,5)="Total",O10,0) -> 0 | B10: =RIGHT(F10,5) -> ANDIA | C10: =CONCATENATE(D10,RIGHT(F10,5)) -> TerceirosANDIA | D10: Terceiros | E10: 33 | F10: ACAILANDIA | G10: Gasolina A | I10: =IF(RIGHT(F10,5)="Total",VLOOKUP(F10,'BD Cap Venda ALE'!$D:$K,4,0),SUMIFS('BD Cap Venda ALE'!G:G,'BD Cap Venda ALE'!E:E,'Capacidade ALE'!G10,'BD Cap Venda ALE'!C:C,'Capacidade ALE'!E10)) -> 150 | K10: =IF(RIGHT(F10,5)="Total",VLOOKUP(F10,'Recebimento Rodo - ALE'!$I:$P,8,0),SUMIFS('Recebimento Rodo - ALE'!P:P,'Recebimento Rodo - ALE'!I:I,'Capacidade ALE'!F10,'Recebimento Rodo - ALE'!K:K,'Capacidade ALE'!G10)) -> 381.25 | L10: =IF(RIGHT(F10,5)="Total",VLOOKUP(F10,'BD Cap Venda ALE'!$D:$K,5,0),SUMIFS('BD Cap Venda ALE'!H:H,'BD Cap Venda ALE'!E:E,'Capacidade ALE'!G10,'BD Cap Venda ALE'!C:C,'Capacidade ALE'!E10)) -> 1200 | N10: Gasolina C | O10: =IF(RIGHT(F10,5)="Total",VLOOKUP(F10,'BD Cap Venda ALE'!$D:$K,8,0),SUMIFS('BD Cap Venda ALE'!K:K,'BD Cap Venda ALE'!E:E,'Capacidade ALE'!G10,'BD Cap Venda ALE'!C:C,'Capacidade ALE'!E10)) -> 1643.8356 | P10: =IF(RIGHT(F10,5)="Total",VLOOKUP(F10,'Expedição Rodo - ALE'!$A:$H,8,0),"") | S10: Gasolina C | T10: =IFERROR(SUMIFS('BD Cap Venda ALE'!M:M,'BD Cap Venda ALE'!E:E,'Capacidade ALE'!G10,'BD Cap Venda ALE'!C:C,'Capacidade ALE'!E10),0) -> 478.63667 | U10: =IFERROR(SUMIFS('BD Cap Venda ALE'!N:N,'BD Cap Venda ALE'!E:E,'Capacidade ALE'!G10,'BD Cap Venda ALE'!C:C,'Capacidade ALE'!E10),0) -> 399.00583
A11: =IF(RIGHT(F11,5)="Total",O11,0) -> 2929.5499 | B11: =RIGHT(F11,5) -> Total | C11: =CONCATENATE(D11,RIGHT(F11,5)) -> TerceirosTotal | D11: Terceiros | E11: 33 | F11: ACAILANDIA Total | I11: =IF(RIGHT(F11,5)="Total",VLOOKUP(F11,'BD Cap Venda ALE'!$D:$K,4,0),SUMIFS('BD Cap Venda ALE'!G:G,'BD Cap Venda ALE'!E:E,'Capacidade ALE'!G11,'BD Cap Venda ALE'!C:C,'Capacidade ALE'!E11)) -> 410 | K11: =IF(RIGHT(F11,5)="Total",VLOOKUP(F11,'Recebimento Rodo - ALE'!$I:$P,8,0),SUMIFS('Recebimento Rodo - ALE'!P:P,'Recebimento Rodo - ALE'!I:I,'Capacidade ALE'!F11,'Recebimento Rodo - ALE'!K:K,'Capacidade ALE'!G11)) -> 1446.9345 | L11: =IF(RIGHT(F11,5)="Total",VLOOKUP(F11,'BD Cap Venda ALE'!$D:$K,5,0),SUMIFS('BD Cap Venda ALE'!H:H,'BD Cap Venda ALE'!E:E,'Capacidade ALE'!G11,'BD Cap Venda ALE'!C:C,'Capacidade ALE'!E11)) -> 3074.2857 | O11: =IF(RIGHT(F11,5)="Total",VLOOKUP(F11,'BD Cap Venda ALE'!$D:$K,8,0),SUMIFS('BD Cap Venda ALE'!K:K,'BD Cap Venda ALE'!E:E,'Capacidade ALE'!G11,'BD Cap Venda ALE'!C:C,'Capacidade ALE'!E11)) -> 2929.5499 | P11: =IF(RIGHT(F11,5)="Total",VLOOKUP(F11,'Expedição Rodo - ALE'!$A:$H,8,0),"") -> 4158 | T11: =IFERROR(SUMIFS('BD Cap Venda ALE'!M:M,'BD Cap Venda ALE'!E:E,'Capacidade ALE'!G11,'BD Cap Venda ALE'!C:C,'Capacidade ALE'!E11),0) -> 0 | U11: =IFERROR(SUMIFS('BD Cap Venda ALE'!N:N,'BD Cap Venda ALE'!E:E,'Capacidade ALE'!G11,'BD Cap Venda ALE'!C:C,'Capacidade ALE'!E11),0) -> 0
A12: =IF(RIGHT(F12,5)="Total",O12,0) -> 0 | B12: =RIGHT(F12,5) -> CARIA | C12: =CONCATENATE(D12,RIGHT(F12,5)) -> TerceirosCARIA | D12: Terceiros | E12: 18 | F12: ARAUCARIA | G12: B100 | I12: =IF(RIGHT(F12,5)="Total",VLOOKUP(F12,'BD Cap Venda ALE'!$D:$K,4,0),SUMIFS('BD Cap Venda ALE'!G:G,'BD Cap Venda ALE'!E:E,'Capacidade ALE'!G12,'BD Cap Venda ALE'!C:C,'Capacidade ALE'!E12)) -> 110 | K12: =IF(RIGHT(F12,5)="Total",VLOOKUP(F12,'Recebimento Rodo - ALE'!$I:$P,8,0),SUMIFS('Recebimento Rodo - ALE'!P:P,'Recebimento Rodo - ALE'!I:I,'Capacidade ALE'!F12,'Recebimento Rodo - ALE'!K:K,'Capacidade ALE'!G12)) -> 1397.9167 | L12: =IF(RIGHT(F12,5)="Total",VLOOKUP(F12,'BD Cap Venda ALE'!$D:$K,5,0),SUMIFS('BD Cap Venda ALE'!H:H,'BD Cap Venda ALE'!E:E,'Capacidade ALE'!G12,'BD Cap Venda ALE'!C:C,'Capacidade ALE'!E12)) -> 1320 | O12: =IF(RIGHT(F12,5)="Total",VLOOKUP(F12,'BD Cap Venda ALE'!$D:$K,8,0),SUMIFS('BD Cap Venda ALE'!K:K,'BD Cap Venda ALE'!E:E,'Capacidade ALE'!G12,'BD Cap Venda ALE'!C:C,'Capacidade ALE'!E12)) -> 0 | P12: =IF(RIGHT(F12,5)="Total",VLOOKUP(F12,'Expedição Rodo - ALE'!$A:$H,8,0),"") | Q12: =IF(P18<O18,"capacidade de expedição rodoviária abaixo da capacidade de venda mensal, prevalece a capacidade de venda mensal em virtude do terminal ter a obrigatoriedade de garantia do giro dos espaços contratados em linha com a logística da filial.","") | T12: =IFERROR(SUMIFS('BD Cap Venda ALE'!M:M,'BD Cap Venda ALE'!E:E,'Capacidade ALE'!G12,'BD Cap Venda ALE'!C:C,'Capacidade ALE'!E12),0) -> 196.53333 | U12: =IFERROR(SUMIFS('BD Cap Venda ALE'!N:N,'BD Cap Venda ALE'!E:E,'Capacidade ALE'!G12,'BD Cap Venda ALE'!C:C,'Capacidade ALE'!E12),0) -> 197.49167
A13: =IF(RIGHT(F13,5)="Total",O13,0) -> 0 | B13: =RIGHT(F13,5) -> CARIA | C13: =CONCATENATE(D13,RIGHT(F13,5)) -> TerceirosCARIA | D13: Terceiros | E13: 18 | F13: ARAUCARIA | G13: Diesel A S10 | I13: =IF(RIGHT(F13,5)="Total",VLOOKUP(F13,'BD Cap Venda ALE'!$D:$K,4,0),SUMIFS('BD Cap Venda ALE'!G:G,'BD Cap Venda ALE'!E:E,'Capacidade ALE'!G13,'BD Cap Venda ALE'!C:C,'Capacidade ALE'!E13)) -> 220 | K13: =IF(RIGHT(F13,5)="Total",VLOOKUP(F13,'Recebimento Rodo - ALE'!$I:$P,8,0),SUMIFS('Recebimento Rodo - ALE'!P:P,'Recebimento Rodo - ALE'!I:I,'Capacidade ALE'!F13,'Recebimento Rodo - ALE'!K:K,'Capacidade ALE'!G13)) -> 838.75 | L13: =IF(RIGHT(F13,5)="Total",VLOOKUP(F13,'BD Cap Venda ALE'!$D:$K,5,0),SUMIFS('BD Cap Venda ALE'!H:H,'BD Cap Venda ALE'!E:E,'Capacidade ALE'!G13,'BD Cap Venda ALE'!C:C,'Capacidade ALE'!E13)) -> 2640 | N13: Diesel B S10 | O13: =IF(RIGHT(F13,5)="Total",VLOOKUP(F13,'BD Cap Venda ALE'!$D:$K,8,0),SUMIFS('BD Cap Venda ALE'!K:K,'BD Cap Venda ALE'!E:E,'Capacidade ALE'!G13,'BD Cap Venda ALE'!C:C,'Capacidade ALE'!E13)) -> 2391.4494 | P13: =IF(RIGHT(F13,5)="Total",VLOOKUP(F13,'Expedição Rodo - ALE'!$A:$H,8,0),"") | S13: Diesel B S10 | T13: =IFERROR(SUMIFS('BD Cap Venda ALE'!M:M,'BD Cap Venda ALE'!E:E,'Capacidade ALE'!G13,'BD Cap Venda ALE'!C:C,'Capacidade ALE'!E13),0) -> 1904.95 | U13: =IFERROR(SUMIFS('BD Cap Venda ALE'!N:N,'BD Cap Venda ALE'!E:E,'Capacidade ALE'!G13,'BD Cap Venda ALE'!C:C,'Capacidade ALE'!E13),0) -> 1647.1167
A14: =IF(RIGHT(F14,5)="Total",O14,0) -> 0 | B14: =RIGHT(F14,5) -> CARIA | C14: =CONCATENATE(D14,RIGHT(F14,5)) -> TerceirosCARIA | D14: Terceiros | E14: 18 | F14: ARAUCARIA | G14: Diesel A S500 | I14: =IF(RIGHT(F14,5)="Total",VLOOKUP(F14,'BD Cap Venda ALE'!$D:$K,4,0),SUMIFS('BD Cap Venda ALE'!G:G,'BD Cap Venda ALE'!E:E,'Capacidade ALE'!G14,'BD Cap Venda ALE'!C:C,'Capacidade ALE'!E14)) -> 360 | K14: =IF(RIGHT(F14,5)="Total",VLOOKUP(F14,'Recebimento Rodo - ALE'!$I:$P,8,0),SUMIFS('Recebimento Rodo - ALE'!P:P,'Recebimento Rodo - ALE'!I:I,'Capacidade ALE'!F14,'Recebimento Rodo - ALE'!K:K,'Capacidade ALE'!G14)) -> 1372.5 | L14: =IF(RIGHT(F14,5)="Total",VLOOKUP(F14,'BD Cap Venda ALE'!$D:$K,5,0),SUMIFS('BD Cap Venda ALE'!H:H,'BD Cap Venda ALE'!E:E,'Capacidade ALE'!G14,'BD Cap Venda ALE'!C:C,'Capacidade ALE'!E14)) -> 4320 | N14: Diesel B S500 | O14: =IF(RIGHT(F14,5)="Total",VLOOKUP(F14,'BD Cap Venda ALE'!$D:$K,8,0),SUMIFS('BD Cap Venda ALE'!K:K,'BD Cap Venda ALE'!E:E,'Capacidade ALE'!G14,'BD Cap Venda ALE'!C:C,'Capacidade ALE'!E14)) -> 4302.7225 | P14: =IF(RIGHT(F14,5)="Total",VLOOKUP(F14,'Expedição Rodo - ALE'!$A:$H,8,0),"") | S14: Diesel B S500 | T14: =IFERROR(SUMIFS('BD Cap Venda ALE'!M:M,'BD Cap Venda ALE'!E:E,'Capacidade ALE'!G14,'BD Cap Venda ALE'!C:C,'Capacidade ALE'!E14),0) -> 768.18333 | U14: =IFERROR(SUMIFS('BD Cap Venda ALE'!N:N,'BD Cap Venda ALE'!E:E,'Capacidade ALE'!G14,'BD Cap Venda ALE'!C:C,'Capacidade ALE'!E14),0) -> 724.225
A15: =IF(RIGHT(F15,5)="Total",O15,0) -> 0 | B15: =RIGHT(F15,5) -> CARIA | C15: =CONCATENATE(D15,RIGHT(F15,5)) -> TerceirosCARIA | D15: Terceiros | E15: 18 | F15: ARAUCARIA | G15: Diesel Marítimo | I15: =IF(RIGHT(F15,5)="Total",VLOOKUP(F15,'BD Cap Venda ALE'!$D:$K,4,0),SUMIFS('BD Cap Venda ALE'!G:G,'BD Cap Venda ALE'!E:E,'Capacidade ALE'!G15,'BD Cap Venda ALE'!C:C,'Capacidade ALE'!E15)) -> 0 | K15: =IF(RIGHT(F15,5)="Total",VLOOKUP(F15,'Recebimento Rodo - ALE'!$I:$P,8,0),SUMIFS('Recebimento Rodo - ALE'!P:P,'Recebimento Rodo - ALE'!I:I,'Capacidade ALE'!F15,'Recebimento Rodo - ALE'!K:K,'Capacidade ALE'!G15)) -> 0 | L15: =IF(RIGHT(F15,5)="Total",VLOOKUP(F15,'BD Cap Venda ALE'!$D:$K,5,0),SUMIFS('BD Cap Venda ALE'!H:H,'BD Cap Venda ALE'!E:E,'Capacidade ALE'!G15,'BD Cap Venda ALE'!C:C,'Capacidade ALE'!E15)) -> 0 | N15: Diesel Marítimo | O15: =IF(RIGHT(F15,5)="Total",VLOOKUP(F15,'BD Cap Venda ALE'!$D:$K,8,0),SUMIFS('BD Cap Venda ALE'!K:K,'BD Cap Venda ALE'!E:E,'Capacidade ALE'!G15,'BD Cap Venda ALE'!C:C,'Capacidade ALE'!E15)) -> 0 | P15: =P19 -> 21830 | S15: Diesel Marítimo | T15: =IFERROR(SUMIFS('BD Cap Venda ALE'!M:M,'BD Cap Venda ALE'!E:E,'Capacidade ALE'!G15,'BD Cap Venda ALE'!C:C,'Capacidade ALE'!E15),0) -> 509.66667 | U15: =IFERROR(SUMIFS('BD Cap Venda ALE'!N:N,'BD Cap Venda ALE'!E:E,'Capacidade ALE'!G15,'BD Cap Venda ALE'!C:C,'Capacidade ALE'!E15),0) -> 467.58333
A16: =IF(RIGHT(F16,5)="Total",O16,0) -> 0 | B16: =RIGHT(F16,5) -> CARIA | C16: =CONCATENATE(D16,RIGHT(F16,5)) -> TerceirosCARIA | D16: Terceiros | E16: 18 | F16: ARAUCARIA | G16: Etanol Anidro | I16: =IF(RIGHT(F16,5)="Total",VLOOKUP(F16,'BD Cap Venda ALE'!$D:$K,4,0),SUMIFS('BD Cap Venda ALE'!G:G,'BD Cap Venda ALE'!E:E,'Capacidade ALE'!G16,'BD Cap Venda ALE'!C:C,'Capacidade ALE'!E16)) -> 150 | K16: =IF(RIGHT(F16,5)="Total",VLOOKUP(F16,'Recebimento Rodo - ALE'!$I:$P,8,0),SUMIFS('Recebimento Rodo - ALE'!P:P,'Recebimento Rodo - ALE'!I:I,'Capacidade ALE'!F16,'Recebimento Rodo - ALE'!K:K,'Capacidade ALE'!G16)) -> 1906.25 | L16: =IF(RIGHT(F16,5)="Total",VLOOKUP(F16,'BD Cap Venda ALE'!$D:$K,5,0),SUMIFS('BD Cap Venda ALE'!H:H,'BD Cap Venda ALE'!E:E,'Capacidade ALE'!G16,'BD Cap Venda ALE'!C:C,'Capacidade ALE'!E16)) -> 1800 | O16: =IF(RIGHT(F16,5)="Total",VLOOKUP(F16,'BD Cap Venda ALE'!$D:$K,8,0),SUMIFS('BD Cap Venda ALE'!K:K,'BD Cap Venda ALE'!E:E,'Capacidade ALE'!G16,'BD Cap Venda ALE'!C:C,'Capacidade ALE'!E16)) -> 0 | P16: =IF(RIGHT(F16,5)="Total",VLOOKUP(F16,'Expedição Rodo - ALE'!$A:$H,8,0),"") | T16: =IFERROR(SUMIFS('BD Cap Venda ALE'!M:M,'BD Cap Venda ALE'!E:E,'Capacidade ALE'!G16,'BD Cap Venda ALE'!C:C,'Capacidade ALE'!E16),0) -> 415.17333 | U16: =IFERROR(SUMIFS('BD Cap Venda ALE'!N:N,'BD Cap Venda ALE'!E:E,'Capacidade ALE'!G16,'BD Cap Venda ALE'!C:C,'Capacidade ALE'!E16),0) -> 384.76667
A17: =IF(RIGHT(F17,5)="Total",O17,0) -> 0 | B17: =RIGHT(F17,5) -> CARIA | C17: =CONCATENATE(D17,RIGHT(F17,5)) -> TerceirosCARIA | D17: Terceiros | E17: 18 | F17: ARAUCARIA | G17: Etanol Hidratado | I17: =IF(RIGHT(F17,5)="Total",VLOOKUP(F17,'BD Cap Venda ALE'!$D:$K,4,0),SUMIFS('BD Cap Venda ALE'!G:G,'BD Cap Venda ALE'!E:E,'Capacidade ALE'!G17,'BD Cap Venda ALE'!C:C,'Capacidade ALE'!E17)) -> 130 | K17: =IF(RIGHT(F17,5)="Total",VLOOKUP(F17,'Recebimento Rodo - ALE'!$I:$P,8,0),SUMIFS('Recebimento Rodo - ALE'!P:P,'Recebimento Rodo - ALE'!I:I,'Capacidade ALE'!F17,'Recebimento Rodo - ALE'!K:K,'Capacidade ALE'!G17)) -> 1652.0833 | L17: =IF(RIGHT(F17,5)="Total",VLOOKUP(F17,'BD Cap Venda ALE'!$D:$K,5,0),SUMIFS('BD Cap Venda ALE'!H:H,'BD Cap Venda ALE'!E:E,'Capacidade ALE'!G17,'BD Cap Venda ALE'!C:C,'Capacidade ALE'!E17)) -> 1560 | N17: Álcool | O17: =IF(RIGHT(F17,5)="Total",VLOOKUP(F17,'BD Cap Venda ALE'!$D:$K,8,0),SUMIFS('BD Cap Venda ALE'!K:K,'BD Cap Venda ALE'!E:E,'Capacidade ALE'!G17,'BD Cap Venda ALE'!C:C,'Capacidade ALE'!E17)) -> 1560 | P17: =IF(RIGHT(F17,5)="Total",VLOOKUP(F17,'Expedição Rodo - ALE'!$A:$H,8,0),"") | S17: Álcool | T17: =IFERROR(SUMIFS('BD Cap Venda ALE'!M:M,'BD Cap Venda ALE'!E:E,'Capacidade ALE'!G17,'BD Cap Venda ALE'!C:C,'Capacidade ALE'!E17),0) -> 183 | U17: =IFERROR(SUMIFS('BD Cap Venda ALE'!N:N,'BD Cap Venda ALE'!E:E,'Capacidade ALE'!G17,'BD Cap Venda ALE'!C:C,'Capacidade ALE'!E17),0) -> 177.83333
A18: =IF(RIGHT(F18,5)="Total",O18,0) -> 0 | B18: =RIGHT(F18,5) -> CARIA | C18: =CONCATENATE(D18,RIGHT(F18,5)) -> TerceirosCARIA | D18: Terceiros | E18: 18 | F18: ARAUCARIA | G18: Gasolina A | I18: =IF(RIGHT(F18,5)="Total",VLOOKUP(F18,'BD Cap Venda ALE'!$D:$K,4,0),SUMIFS('BD Cap Venda ALE'!G:G,'BD Cap Venda ALE'!E:E,'Capacidade ALE'!G18,'BD Cap Venda ALE'!C:C,'Capacidade ALE'!E18)) -> 280 | K18: =IF(RIGHT(F18,5)="Total",VLOOKUP(F18,'Recebimento Rodo - ALE'!$I:$P,8,0),SUMIFS('Recebimento Rodo - ALE'!P:P,'Recebimento Rodo - ALE'!I:I,'Capacidade ALE'!F18,'Recebimento Rodo - ALE'!K:K,'Capacidade ALE'!G18)) -> 1067.5 | L18: =IF(RIGHT(F18,5)="Total",VLOOKUP(F18,'BD Cap Venda ALE'!$D:$K,5,0),SUMIFS('BD Cap Venda ALE'!H:H,'BD Cap Venda ALE'!E:E,'Capacidade ALE'!G18,'BD Cap Venda ALE'!C:C,'Capacidade ALE'!E18)) -> 3360 | N18: Gasolina C | O18: =IF(RIGHT(F18,5)="Total",VLOOKUP(F18,'BD Cap Venda ALE'!$D:$K,8,0),SUMIFS('BD Cap Venda ALE'!K:K,'BD Cap Venda ALE'!E:E,'Capacidade ALE'!G18,'BD Cap Venda ALE'!C:C,'Capacidade ALE'!E18)) -> 3609.4564 | P18: =IF(RIGHT(F18,5)="Total",VLOOKUP(F18,'Expedição Rodo - ALE'!$A:$H,8,0),"") | S18: Gasolina C | T18: =IFERROR(SUMIFS('BD Cap Venda ALE'!M:M,'BD Cap Venda ALE'!E:E,'Capacidade ALE'!G18,'BD Cap Venda ALE'!C:C,'Capacidade ALE'!E18),0) -> 1944.3267 | U18: =IFERROR(SUMIFS('BD Cap Venda ALE'!N:N,'BD Cap Venda ALE'!E:E,'Capacidade ALE'!G18,'BD Cap Venda ALE'!C:C,'Capacidade ALE'!E18),0) -> 1685.5667
A19: =IF(RIGHT(F19,5)="Total",O19,0) -> 11863.628 | B19: =RIGHT(F19,5) -> Total | C19: =CONCATENATE(D19,RIGHT(F19,5)) -> TerceirosTotal | D19: Terceiros | E19: 18 | F19: ARAUCARIA Total | I19: =IF(RIGHT(F19,5)="Total",VLOOKUP(F19,'BD Cap Venda ALE'!$D:$K,4,0),SUMIFS('BD Cap Venda ALE'!G:G,'BD Cap Venda ALE'!E:E,'Capacidade ALE'!G19,'BD Cap Venda ALE'!C:C,'Capacidade ALE'!E19)) -> 1250 | K19: =IF(RIGHT(F19,5)="Total",VLOOKUP(F19,'Recebimento Rodo - ALE'!$I:$P,8,0),SUMIFS('Recebimento Rodo - ALE'!P:P,'Recebimento Rodo - ALE'!I:I,'Capacidade ALE'!F19,'Recebimento Rodo - ALE'!K:K,'Capacidade ALE'!G19)) -> 8235 | L19: =IF(RIGHT(F19,5)="Total",VLOOKUP(F19,'BD Cap Venda ALE'!$D:$K,5,0),SUMIFS('BD Cap Venda ALE'!H:H,'BD Cap Venda ALE'!E:E,'Capacidade ALE'!G19,'BD Cap Venda ALE'!C:C,'Capacidade ALE'!E19)) -> 15000 | O19: =IF(RIGHT(F19,5)="Total",VLOOKUP(F19,'BD Cap Venda ALE'!$D:$K,8,0),SUMIFS('BD Cap Venda ALE'!K:K,'BD Cap Venda ALE'!E:E,'Capacidade ALE'!G19,'BD Cap Venda ALE'!C:C,'Capacidade ALE'!E19)) -> 11863.628 | P19: =IF(RIGHT(F19,5)="Total",VLOOKUP(F19,'Expedição Rodo - ALE'!$A:$H,8,0),"") -> 21830 | T19: =IFERROR(SUMIFS('BD Cap Venda ALE'!M:M,'BD Cap Venda ALE'!E:E,'Capacidade ALE'!G19,'BD Cap Venda ALE'!C:C,'Capacidade ALE'!E19),0) -> 0 | U19: =IFERROR(SUMIFS('BD Cap Venda ALE'!N:N,'BD Cap Venda ALE'!E:E,'Capacidade ALE'!G19,'BD Cap Venda ALE'!C:C,'Capacidade ALE'!E19),0) -> 0
A20: =IF(RIGHT(F20,5)="Total",O20,0) -> 0 | B20: =RIGHT(F20,5) -> BAURU | C20: =CONCATENATE(D20,RIGHT(F20,5)) -> TerceirosBAURU | D20: Terceiros | E20: 47 | F20: BAURU | G20: B100 | I20: =IF(RIGHT(F20,5)="Total",VLOOKUP(F20,'BD Cap Venda ALE'!$D:$K,4,0),SUMIFS('BD Cap Venda ALE'!G:G,'BD Cap Venda ALE'!E:E,'Capacidade ALE'!G20,'BD Cap Venda ALE'!C:C,'Capacidade ALE'!E20)) -> 45 | K20: =IF(RIGHT(F20,5)="Total",VLOOKUP(F20,'Recebimento Rodo - ALE'!$I:$P,8,0),SUMIFS('Recebimento Rodo - ALE'!P:P,'Recebimento Rodo - ALE'!I:I,'Capacidade ALE'!F20,'Recebimento Rodo - ALE'!K:K,'Capacidade ALE'!G20)) -> 3034.8035 | L20: =IF(RIGHT(F20,5)="Total",VLOOKUP(F20,'BD Cap Venda ALE'!$D:$K,5,0),SUMIFS('BD Cap Venda ALE'!H:H,'BD Cap Venda ALE'!E:E,'Capacidade ALE'!G20,'BD Cap Venda ALE'!C:C,'Capacidade ALE'!E20)) -> 360 | O20: =IF(RIGHT(F20,5)="Total",VLOOKUP(F20,'BD Cap Venda ALE'!$D:$K,8,0),SUMIFS('BD Cap Venda ALE'!K:K,'BD Cap Venda ALE'!E:E,'Capacidade ALE'!G20,'BD Cap Venda ALE'!C:C,'Capacidade ALE'!E20)) -> 0 | P20: =IF(RIGHT(F20,5)="Total",VLOOKUP(F20,'Expedição Rodo - ALE'!$A:$H,8,0),"") | Q20: =IF(P26<O26,"capacidade de expedição rodoviária abaixo da capacidade de venda mensal, prevalece a capacidade de venda mensal em virtude do terminal ter a obrigatoriedade de garantia do giro dos espaços contratados em linha com a logística da filial.","") | T20: =IFERROR(SUMIFS('BD Cap Venda ALE'!M:M,'BD Cap Venda ALE'!E:E,'Capacidade ALE'!G20,'BD Cap Venda ALE'!C:C,'Capacidade ALE'!E20),0) -> 5 | U20: =IFERROR(SUMIFS('BD Cap Venda ALE'!N:N,'BD Cap Venda ALE'!E:E,'Capacidade ALE'!G20,'BD Cap Venda ALE'!C:C,'Capacidade ALE'!E20),0) -> 7.5416667
A21: =IF(RIGHT(F21,5)="Total",O21,0) -> 0 | B21: =RIGHT(F21,5) -> BAURU | C21: =CONCATENATE(D21,RIGHT(F21,5)) -> TerceirosBAURU | D21: Terceiros | E21: 47 | F21: BAURU | G21: Diesel A S10 | I21: =IF(RIGHT(F21,5)="Total",VLOOKUP(F21,'BD Cap Venda ALE'!$D:$K,4,0),SUMIFS('BD Cap Venda ALE'!G:G,'BD Cap Venda ALE'!E:E,'Capacidade ALE'!G21,'BD Cap Venda ALE'!C:C,'Capacidade ALE'!E21)) -> 150 | K21: =IF(RIGHT(F21,5)="Total",VLOOKUP(F21,'Recebimento Rodo - ALE'!$I:$P,8,0),SUMIFS('Recebimento Rodo - ALE'!P:P,'Recebimento Rodo - ALE'!I:I,'Capacidade ALE'!F21,'Recebimento Rodo - ALE'!K:K,'Capacidade ALE'!G21)) -> 3034.8035 | L21: =IF(RIGHT(F21,5)="Total",VLOOKUP(F21,'BD Cap Venda ALE'!$D:$K,5,0),SUMIFS('BD Cap Venda ALE'!H:H,'BD Cap Venda ALE'!E:E,'Capacidade ALE'!G21,'BD Cap Venda ALE'!C:C,'Capacidade ALE'!E21)) -> 1309.0909 | N21: Diesel B S10 | O21: =IF(RIGHT(F21,5)="Total",VLOOKUP(F21,'BD Cap Venda ALE'!$D:$K,8,0),SUMIFS('BD Cap Venda ALE'!K:K,'BD Cap Venda ALE'!E:E,'Capacidade ALE'!G21,'BD Cap Venda ALE'!C:C,'Capacidade ALE'!E21)) -> 1125 | P21: =IF(RIGHT(F21,5)="Total",VLOOKUP(F21,'Expedição Rodo - ALE'!$A:$H,8,0),"") | S21: Diesel B S10 | T21: =IFERROR(SUMIFS('BD Cap Venda ALE'!M:M,'BD Cap Venda ALE'!E:E,'Capacidade ALE'!G21,'BD Cap Venda ALE'!C:C,'Capacidade ALE'!E21),0) -> 11.25 | U21: =IFERROR(SUMIFS('BD Cap Venda ALE'!N:N,'BD Cap Venda ALE'!E:E,'Capacidade ALE'!G21,'BD Cap Venda ALE'!C:C,'Capacidade ALE'!E21),0) -> 29.625
A22: =IF(RIGHT(F22,5)="Total",O22,0) -> 0 | B22: =RIGHT(F22,5) -> BAURU | C22: =CONCATENATE(D22,RIGHT(F22,5)) -> TerceirosBAURU | D22: Terceiros | E22: 47 | F22: BAURU | G22: Diesel A S500 | I22: =IF(RIGHT(F22,5)="Total",VLOOKUP(F22,'BD Cap Venda ALE'!$D:$K,4,0),SUMIFS('BD Cap Venda ALE'!G:G,'BD Cap Venda ALE'!E:E,'Capacidade ALE'!G22,'BD Cap Venda ALE'!C:C,'Capacidade ALE'!E22)) -> 250 | K22: =IF(RIGHT(F22,5)="Total",VLOOKUP(F22,'Recebimento Rodo - ALE'!$I:$P,8,0),SUMIFS('Recebimento Rodo - ALE'!P:P,'Recebimento Rodo - ALE'!I:I,'Capacidade ALE'!F22,'Recebimento Rodo - ALE'!K:K,'Capacidade ALE'!G22)) -> 4046.4046 | L22: =IF(RIGHT(F22,5)="Total",VLOOKUP(F22,'BD Cap Venda ALE'!$D:$K,5,0),SUMIFS('BD Cap Venda ALE'!H:H,'BD Cap Venda ALE'!E:E,'Capacidade ALE'!G22,'BD Cap Venda ALE'!C:C,'Capacidade ALE'!E22)) -> 2181.8182 | N22: Diesel B S500 | O22: =IF(RIGHT(F22,5)="Total",VLOOKUP(F22,'BD Cap Venda ALE'!$D:$K,8,0),SUMIFS('BD Cap Venda ALE'!K:K,'BD Cap Venda ALE'!E:E,'Capacidade ALE'!G22,'BD Cap Venda ALE'!C:C,'Capacidade ALE'!E22)) -> 1875 | P22: =P26 -> 7680 | S22: Diesel B S500 | T22: =IFERROR(SUMIFS('BD Cap Venda ALE'!M:M,'BD Cap Venda ALE'!E:E,'Capacidade ALE'!G22,'BD Cap Venda ALE'!C:C,'Capacidade ALE'!E22),0) -> 33.75 | U22: =IFERROR(SUMIFS('BD Cap Venda ALE'!N:N,'BD Cap Venda ALE'!E:E,'Capacidade ALE'!G22,'BD Cap Venda ALE'!C:C,'Capacidade ALE'!E22),0) -> 38.25
A23: =IF(RIGHT(F23,5)="Total",O23,0) -> 0 | B23: =RIGHT(F23,5) -> BAURU | C23: =CONCATENATE(D23,RIGHT(F23,5)) -> TerceirosBAURU | D23: Terceiros | E23: 47 | F23: BAURU | G23: Etanol Anidro | I23: =IF(RIGHT(F23,5)="Total",VLOOKUP(F23,'BD Cap Venda ALE'!$D:$K,4,0),SUMIFS('BD Cap Venda ALE'!G:G,'BD Cap Venda ALE'!E:E,'Capacidade ALE'!G23,'BD Cap Venda ALE'!C:C,'Capacidade ALE'!E23)) -> 90 | K23: =IF(RIGHT(F23,5)="Total",VLOOKUP(F23,'Recebimento Rodo - ALE'!$I:$P,8,0),SUMIFS('Recebimento Rodo - ALE'!P:P,'Recebimento Rodo - ALE'!I:I,'Capacidade ALE'!F23,'Recebimento Rodo - ALE'!K:K,'Capacidade ALE'!G23)) -> 4046.4046 | L23: =IF(RIGHT(F23,5)="Total",VLOOKUP(F23,'BD Cap Venda ALE'!$D:$K,5,0),SUMIFS('BD Cap Venda ALE'!H:H,'BD Cap Venda ALE'!E:E,'Capacidade ALE'!G23,'BD Cap Venda ALE'!C:C,'Capacidade ALE'!E23)) -> 720 | O23: =IF(RIGHT(F23,5)="Total",VLOOKUP(F23,'BD Cap Venda ALE'!$D:$K,8,0),SUMIFS('BD Cap Venda ALE'!K:K,'BD Cap Venda ALE'!E:E,'Capacidade ALE'!G23,'BD Cap Venda ALE'!C:C,'Capacidade ALE'!E23)) -> 0 | P23: =IF(RIGHT(F23,5)="Total",VLOOKUP(F23,'Expedição Rodo - ALE'!$A:$H,8,0),"") | T23: =IFERROR(SUMIFS('BD Cap Venda ALE'!M:M,'BD Cap Venda ALE'!E:E,'Capacidade ALE'!G23,'BD Cap Venda ALE'!C:C,'Capacidade ALE'!E23),0) -> 37.35 | U23: =IFERROR(SUMIFS('BD Cap Venda ALE'!N:N,'BD Cap Venda ALE'!E:E,'Capacidade ALE'!G23,'BD Cap Venda ALE'!C:C,'Capacidade ALE'!E23),0) -> 30.9375
A24: =IF(RIGHT(F24,5)="Total",O24,0) -> 0 | B24: =RIGHT(F24,5) -> BAURU | C24: =CONCATENATE(D24,RIGHT(F24,5)) -> TerceirosBAURU | D24: Terceiros | E24: 47 | F24: BAURU | G24: Etanol Hidratado | I24: =IF(RIGHT(F24,5)="Total",VLOOKUP(F24,'BD Cap Venda ALE'!$D:$K,4,0),SUMIFS('BD Cap Venda ALE'!G:G,'BD Cap Venda ALE'!E:E,'Capacidade ALE'!G24,'BD Cap Venda ALE'!C:C,'Capacidade ALE'!E24)) -> 90 | K24: =IF(RIGHT(F24,5)="Total",VLOOKUP(F24,'Recebimento Rodo - ALE'!$I:$P,8,0),SUMIFS('Recebimento Rodo - ALE'!P:P,'Recebimento Rodo - ALE'!I:I,'Capacidade ALE'!F24,'Recebimento Rodo - ALE'!K:K,'Capacidade ALE'!G24)) -> 4046.4046 | L24: =IF(RIGHT(F24,5)="Total",VLOOKUP(F24,'BD Cap Venda ALE'!$D:$K,5,0),SUMIFS('BD Cap Venda ALE'!H:H,'BD Cap Venda ALE'!E:E,'Capacidade ALE'!G24,'BD Cap Venda ALE'!C:C,'Capacidade ALE'!E24)) -> 720 | N24: Álcool | O24: =IF(RIGHT(F24,5)="Total",VLOOKUP(F24,'BD Cap Venda ALE'!$D:$K,8,0),SUMIFS('BD Cap Venda ALE'!K:K,'BD Cap Venda ALE'!E:E,'Capacidade ALE'!G24,'BD Cap Venda ALE'!C:C,'Capacidade ALE'!E24)) -> 720 | P24: =IF(RIGHT(F24,5)="Total",VLOOKUP(F24,'Expedição Rodo - ALE'!$A:$H,8,0),"") | S24: Álcool | T24: =IFERROR(SUMIFS('BD Cap Venda ALE'!M:M,'BD Cap Venda ALE'!E:E,'Capacidade ALE'!G24,'BD Cap Venda ALE'!C:C,'Capacidade ALE'!E24),0) -> 88.333333 | U24: =IFERROR(SUMIFS('BD Cap Venda ALE'!N:N,'BD Cap Venda ALE'!E:E,'Capacidade ALE'!G24,'BD Cap Venda ALE'!C:C,'Capacidade ALE'!E24),0) -> 70
A25: =IF(RIGHT(F25,5)="Total",O25,0) -> 0 | B25: =RIGHT(F25,5) -> BAURU | C25: =CONCATENATE(D25,RIGHT(F25,5)) -> TerceirosBAURU | D25: Terceiros | E25: 47 | F25: BAURU | G25: Gasolina A | I25: =IF(RIGHT(F25,5)="Total",VLOOKUP(F25,'BD Cap Venda ALE'!$D:$K,4,0),SUMIFS('BD Cap Venda ALE'!G:G,'BD Cap Venda ALE'!E:E,'Capacidade ALE'!G25,'BD Cap Venda ALE'!C:C,'Capacidade ALE'!E25)) -> 200 | K25: =IF(RIGHT(F25,5)="Total",VLOOKUP(F25,'Recebimento Rodo - ALE'!$I:$P,8,0),SUMIFS('Recebimento Rodo - ALE'!P:P,'Recebimento Rodo - ALE'!I:I,'Capacidade ALE'!F25,'Recebimento Rodo - ALE'!K:K,'Capacidade ALE'!G25)) -> 2023.2023 | L25: =IF(RIGHT(F25,5)="Total",VLOOKUP(F25,'BD Cap Venda ALE'!$D:$K,5,0),SUMIFS('BD Cap Venda ALE'!H:H,'BD Cap Venda ALE'!E:E,'Capacidade ALE'!G25,'BD Cap Venda ALE'!C:C,'Capacidade ALE'!E25)) -> 1745.4545 | N25: Gasolina C | O25: =IF(RIGHT(F25,5)="Total",VLOOKUP(F25,'BD Cap Venda ALE'!$D:$K,8,0),SUMIFS('BD Cap Venda ALE'!K:K,'BD Cap Venda ALE'!E:E,'Capacidade ALE'!G25,'BD Cap Venda ALE'!C:C,'Capacidade ALE'!E25)) -> 2391.0336 | P25: =IF(RIGHT(F25,5)="Total",VLOOKUP(F25,'Expedição Rodo - ALE'!$A:$H,8,0),"") | S25: Gasolina C | T25: =IFERROR(SUMIFS('BD Cap Venda ALE'!M:M,'BD Cap Venda ALE'!E:E,'Capacidade ALE'!G25,'BD Cap Venda ALE'!C:C,'Capacidade ALE'!E25),0) -> 100.98333 | U25: =IFERROR(SUMIFS('BD Cap Venda ALE'!N:N,'BD Cap Venda ALE'!E:E,'Capacidade ALE'!G25,'BD Cap Venda ALE'!C:C,'Capacidade ALE'!E25),0) -> 83.645833
A26: =IF(RIGHT(F26,5)="Total",O26,0) -> 6111.0336 | B26: =RIGHT(F26,5) -> Total | C26: =CONCATENATE(D26,RIGHT(F26,5)) -> TerceirosTotal | D26: Terceiros | E26: 47 | F26: BAURU Total | I26: =IF(RIGHT(F26,5)="Total",VLOOKUP(F26,'BD Cap Venda ALE'!$D:$K,4,0),SUMIFS('BD Cap Venda ALE'!G:G,'BD Cap Venda ALE'!E:E,'Capacidade ALE'!G26,'BD Cap Venda ALE'!C:C,'Capacidade ALE'!E26)) -> 825 | K26: =IF(RIGHT(F26,5)="Total",VLOOKUP(F26,'Recebimento Rodo - ALE'!$I:$P,8,0),SUMIFS('Recebimento Rodo - ALE'!P:P,'Recebimento Rodo - ALE'!I:I,'Capacidade ALE'!F26,'Recebimento Rodo - ALE'!K:K,'Capacidade ALE'!G26)) -> 20232.023 | L26: =IF(RIGHT(F26,5)="Total",VLOOKUP(F26,'BD Cap Venda ALE'!$D:$K,5,0),SUMIFS('BD Cap Venda ALE'!H:H,'BD Cap Venda ALE'!E:E,'Capacidade ALE'!G26,'BD Cap Venda ALE'!C:C,'Capacidade ALE'!E26)) -> 7036.3636 | O26: =IF(RIGHT(F26,5)="Total",VLOOKUP(F26,'BD Cap Venda ALE'!$D:$K,8,0),SUMIFS('BD Cap Venda ALE'!K:K,'BD Cap Venda ALE'!E:E,'Capacidade ALE'!G26,'BD Cap Venda ALE'!C:C,'Capacidade ALE'!E26)) -> 6111.0336 | P26: =IF(RIGHT(F26,5)="Total",VLOOKUP(F26,'Expedição Rodo - ALE'!$A:$H,8,0),"") -> 7680 | T26: =IFERROR(SUMIFS('BD Cap Venda ALE'!M:M,'BD Cap Venda ALE'!E:E,'Capacidade ALE'!G26,'BD Cap Venda ALE'!C:C,'Capacidade ALE'!E26),0) -> 0 | U26: =IFERROR(SUMIFS('BD Cap Venda ALE'!N:N,'BD Cap Venda ALE'!E:E,'Capacidade ALE'!G26,'BD Cap Venda ALE'!C:C,'Capacidade ALE'!E26),0) -> 0
A27: =IF(RIGHT(F27,5)="Total",O27,0) -> 0 | B27: =RIGHT(F27,5) -> BELEM | C27: =CONCATENATE(D27,RIGHT(F27,5)) -> TerceirosBELEM | D27: Terceiros | E27: 35 | F27: BELEM | G27: B100 | I27: =IF(RIGHT(F27,5)="Total",VLOOKUP(F27,'BD Cap Venda ALE'!$D:$K,4,0),SUMIFS('BD Cap Venda ALE'!G:G,'BD Cap Venda ALE'!E:E,'Capacidade ALE'!G27,'BD Cap Venda ALE'!C:C,'Capacidade ALE'!E27)) -> 200 | K27: =IF(RIGHT(F27,5)="Total",VLOOKUP(F27,'Recebimento Rodo - ALE'!$I:$P,8,0),SUMIFS('Recebimento Rodo - ALE'!P:P,'Recebimento Rodo - ALE'!I:I,'Capacidade ALE'!F27,'Recebimento Rodo - ALE'!K:K,'Capacidade ALE'!G27)) -> 2106.5 | L27: =IF(RIGHT(F27,5)="Total",VLOOKUP(F27,'BD Cap Venda ALE'!$D:$K,5,0),SUMIFS('BD Cap Venda ALE'!H:H,'BD Cap Venda ALE'!E:E,'Capacidade ALE'!G27,'BD Cap Venda ALE'!C:C,'Capacidade ALE'!E27)) -> 480 | O27: =IF(RIGHT(F27,5)="Total",VLOOKUP(F27,'BD Cap Venda ALE'!$D:$K,8,0),SUMIFS('BD Cap Venda ALE'!K:K,'BD Cap Venda ALE'!E:E,'Capacidade ALE'!G27,'BD Cap Venda ALE'!C:C,'Capacidade ALE'!E27)) -> 0 | P27: =IF(RIGHT(F27,5)="Total",VLOOKUP(F27,'Expedição Rodo - ALE'!$A:$H,8,0),"") | Q27: =IF(P33<O33,"capacidade de expedição rodoviária abaixo da capacidade de venda mensal, prevalece a capacidade de venda mensal em virtude do terminal ter a obrigatoriedade de garantia do giro dos espaços contratados em linha com a logística da filial.","") | T27: =IFERROR(SUMIFS('BD Cap Venda ALE'!M:M,'BD Cap Venda ALE'!E:E,'Capacidade ALE'!G27,'BD Cap Venda ALE'!C:C,'Capacidade ALE'!E27),0) -> 157.81667 | U27: =IFERROR(SUMIFS('BD Cap Venda ALE'!N:N,'BD Cap Venda ALE'!E:E,'Capacidade ALE'!G27,'BD Cap Venda ALE'!C:C,'Capacidade ALE'!E27),0) -> 143.76667
A28: =IF(RIGHT(F28,5)="Total",O28,0) -> 0 | B28: =RIGHT(F28,5) -> BELEM | C28: =CONCATENATE(D28,RIGHT(F28,5)) -> TerceirosBELEM | D28: Terceiros | E28: 35 | F28: BELEM | G28: Diesel A S10 | I28: =IF(RIGHT(F28,5)="Total",VLOOKUP(F28,'BD Cap Venda ALE'!$D:$K,4,0),SUMIFS('BD Cap Venda ALE'!G:G,'BD Cap Venda ALE'!E:E,'Capacidade ALE'!G28,'BD Cap Venda ALE'!C:C,'Capacidade ALE'!E28)) -> 1400 | K28: =IF(RIGHT(F28,5)="Total",VLOOKUP(F28,'Recebimento Rodo - ALE'!$I:$P,8,0),SUMIFS('Recebimento Rodo - ALE'!P:P,'Recebimento Rodo - ALE'!I:I,'Capacidade ALE'!F28,'Recebimento Rodo - ALE'!K:K,'Capacidade ALE'!G28)) -> 305 | L28: =IF(RIGHT(F28,5)="Total",VLOOKUP(F28,'BD Cap Venda ALE'!$D:$K,5,0),SUMIFS('BD Cap Venda ALE'!H:H,'BD Cap Venda ALE'!E:E,'Capacidade ALE'!G28,'BD Cap Venda ALE'!C:C,'Capacidade ALE'!E28)) -> 2240 | N28: Diesel B S10 | O28: =IF(RIGHT(F28,5)="Total",VLOOKUP(F28,'BD Cap Venda ALE'!$D:$K,8,0),SUMIFS('BD Cap Venda ALE'!K:K,'BD Cap Venda ALE'!E:E,'Capacidade ALE'!G28,'BD Cap Venda ALE'!C:C,'Capacidade ALE'!E28)) -> 2545.4545 | P28: =IF(RIGHT(F28,5)="Total",VLOOKUP(F28,'Expedição Rodo - ALE'!$A:$H,8,0),"") | S28: Diesel B S10 | T28: =IFERROR(SUMIFS('BD Cap Venda ALE'!M:M,'BD Cap Venda ALE'!E:E,'Capacidade ALE'!G28,'BD Cap Venda ALE'!C:C,'Capacidade ALE'!E28),0) -> 1098.45 | U28: =IFERROR(SUMIFS('BD Cap Venda ALE'!N:N,'BD Cap Venda ALE'!E:E,'Capacidade ALE'!G28,'BD Cap Venda ALE'!C:C,'Capacidade ALE'!E28),0) -> 1003.725
A29: =IF(RIGHT(F29,5)="Total",O29,0) -> 0 | B29: =RIGHT(F29,5) -> BELEM | C29: =CONCATENATE(D29,RIGHT(F29,5)) -> TerceirosBELEM | D29: Terceiros | E29: 35 | F29: BELEM | G29: Diesel A S500 | I29: =IF(RIGHT(F29,5)="Total",VLOOKUP(F29,'BD Cap Venda ALE'!$D:$K,4,0),SUMIFS('BD Cap Venda ALE'!G:G,'BD Cap Venda ALE'!E:E,'Capacidade ALE'!G29,'BD Cap Venda ALE'!C:C,'Capacidade ALE'!E29)) -> 255 | K29: =IF(RIGHT(F29,5)="Total",VLOOKUP(F29,'Recebimento Rodo - ALE'!$I:$P,8,0),SUMIFS('Recebimento Rodo - ALE'!P:P,'Recebimento Rodo - ALE'!I:I,'Capacidade ALE'!F29,'Recebimento Rodo - ALE'!K:K,'Capacidade ALE'!G29)) -> 0 | L29: =IF(RIGHT(F29,5)="Total",VLOOKUP(F29,'BD Cap Venda ALE'!$D:$K,5,0),SUMIFS('BD Cap Venda ALE'!H:H,'BD Cap Venda ALE'!E:E,'Capacidade ALE'!G29,'BD Cap Venda ALE'!C:C,'Capacidade ALE'!E29)) -> 0 | N29: Diesel B S500 | O29: =IF(RIGHT(F29,5)="Total",VLOOKUP(F29,'BD Cap Venda ALE'!$D:$K,8,0),SUMIFS('BD Cap Venda ALE'!K:K,'BD Cap Venda ALE'!E:E,'Capacidade ALE'!G29,'BD Cap Venda ALE'!C:C,'Capacidade ALE'!E29)) -> 0 | P29: =P33 -> 17820 | S29: Diesel B S500 | T29: =IFERROR(SUMIFS('BD Cap Venda ALE'!M:M,'BD Cap Venda ALE'!E:E,'Capacidade ALE'!G29,'BD Cap Venda ALE'!C:C,'Capacidade ALE'!E29),0) -> 321.9 | U29: =IFERROR(SUMIFS('BD Cap Venda ALE'!N:N,'BD Cap Venda ALE'!E:E,'Capacidade ALE'!G29,'BD Cap Venda ALE'!C:C,'Capacidade ALE'!E29),0) -> 290.175
A30: =IF(RIGHT(F30,5)="Total",O30,0) -> 0 | B30: =RIGHT(F30,5) -> BELEM | C30: =CONCATENATE(D30,RIGHT(F30,5)) -> TerceirosBELEM | D30: Terceiros | E30: 35 | F30: BELEM | G30: Etanol Anidro | I30: =IF(RIGHT(F30,5)="Total",VLOOKUP(F30,'BD Cap Venda ALE'!$D:$K,4,0),SUMIFS('BD Cap Venda ALE'!G:G,'BD Cap Venda ALE'!E:E,'Capacidade ALE'!G30,'BD Cap Venda ALE'!C:C,'Capacidade ALE'!E30)) -> 260 | K30: =IF(RIGHT(F30,5)="Total",VLOOKUP(F30,'Recebimento Rodo - ALE'!$I:$P,8,0),SUMIFS('Recebimento Rodo - ALE'!P:P,'Recebimento Rodo - ALE'!I:I,'Capacidade ALE'!F30,'Recebimento Rodo - ALE'!K:K,'Capacidade ALE'!G30)) -> 2106.5 | L30: =IF(RIGHT(F30,5)="Total",VLOOKUP(F30,'BD Cap Venda ALE'!$D:$K,5,0),SUMIFS('BD Cap Venda ALE'!H:H,'BD Cap Venda ALE'!E:E,'Capacidade ALE'!G30,'BD Cap Venda ALE'!C:C,'Capacidade ALE'!E30)) -> 2080 | O30: =IF(RIGHT(F30,5)="Total",VLOOKUP(F30,'BD Cap Venda ALE'!$D:$K,8,0),SUMIFS('BD Cap Venda ALE'!K:K,'BD Cap Venda ALE'!E:E,'Capacidade ALE'!G30,'BD Cap Venda ALE'!C:C,'Capacidade ALE'!E30)) -> 0 | P30: =IF(RIGHT(F30,5)="Total",VLOOKUP(F30,'Expedição Rodo - ALE'!$A:$H,8,0),"") | T30: =IFERROR(SUMIFS('BD Cap Venda ALE'!M:M,'BD Cap Venda ALE'!E:E,'Capacidade ALE'!G30,'BD Cap Venda ALE'!C:C,'Capacidade ALE'!E30),0) -> 453.98833 | U30: =IFERROR(SUMIFS('BD Cap Venda ALE'!N:N,'BD Cap Venda ALE'!E:E,'Capacidade ALE'!G30,'BD Cap Venda ALE'!C:C,'Capacidade ALE'!E30),0) -> 437.75167
A31: =IF(RIGHT(F31,5)="Total",O31,0) -> 0 | B31: =RIGHT(F31,5) -> BELEM | C31: =CONCATENATE(D31,RIGHT(F31,5)) -> TerceirosBELEM | D31: Terceiros | E31: 35 | F31: BELEM | G31: Etanol Hidratado | I31: =IF(RIGHT(F31,5)="Total",VLOOKUP(F31,'BD Cap Venda ALE'!$D:$K,4,0),SUMIFS('BD Cap Venda ALE'!G:G,'BD Cap Venda ALE'!E:E,'Capacidade ALE'!G31,'BD Cap Venda ALE'!C:C,'Capacidade ALE'!E31)) -> 50 | K31: =IF(RIGHT(F31,5)="Total",VLOOKUP(F31,'Recebimento Rodo - ALE'!$I:$P,8,0),SUMIFS('Recebimento Rodo - ALE'!P:P,'Recebimento Rodo - ALE'!I:I,'Capacidade ALE'!F31,'Recebimento Rodo - ALE'!K:K,'Capacidade ALE'!G31)) -> 1053.25 | L31: =IF(RIGHT(F31,5)="Total",VLOOKUP(F31,'BD Cap Venda ALE'!$D:$K,5,0),SUMIFS('BD Cap Venda ALE'!H:H,'BD Cap Venda ALE'!E:E,'Capacidade ALE'!G31,'BD Cap Venda ALE'!C:C,'Capacidade ALE'!E31)) -> 171.42857 | N31: Álcool | O31: =IF(RIGHT(F31,5)="Total",VLOOKUP(F31,'BD Cap Venda ALE'!$D:$K,8,0),SUMIFS('BD Cap Venda ALE'!K:K,'BD Cap Venda ALE'!E:E,'Capacidade ALE'!G31,'BD Cap Venda ALE'!C:C,'Capacidade ALE'!E31)) -> 171.42857 | P31: =IF(RIGHT(F31,5)="Total",VLOOKUP(F31,'Expedição Rodo - ALE'!$A:$H,8,0),"") | S31: Álcool | T31: =IFERROR(SUMIFS('BD Cap Venda ALE'!M:M,'BD Cap Venda ALE'!E:E,'Capacidade ALE'!G31,'BD Cap Venda ALE'!C:C,'Capacidade ALE'!E31),0) -> 21.666667 | U31: =IFERROR(SUMIFS('BD Cap Venda ALE'!N:N,'BD Cap Venda ALE'!E:E,'Capacidade ALE'!G31,'BD Cap Venda ALE'!C:C,'Capacidade ALE'!E31),0) -> 20.416667
A32: =IF(RIGHT(F32,5)="Total",O32,0) -> 0 | B32: =RIGHT(F32,5) -> BELEM | C32: =CONCATENATE(D32,RIGHT(F32,5)) -> TerceirosBELEM | D32: Terceiros | E32: 35 | F32: BELEM | G32: Gasolina A | I32: =IF(RIGHT(F32,5)="Total",VLOOKUP(F32,'BD Cap Venda ALE'!$D:$K,4,0),SUMIFS('BD Cap Venda ALE'!G:G,'BD Cap Venda ALE'!E:E,'Capacidade ALE'!G32,'BD Cap Venda ALE'!C:C,'Capacidade ALE'!E32)) -> 1150 | K32: =IF(RIGHT(F32,5)="Total",VLOOKUP(F32,'Recebimento Rodo - ALE'!$I:$P,8,0),SUMIFS('Recebimento Rodo - ALE'!P:P,'Recebimento Rodo - ALE'!I:I,'Capacidade ALE'!F32,'Recebimento Rodo - ALE'!K:K,'Capacidade ALE'!G32)) -> 406.66667 | L32: =IF(RIGHT(F32,5)="Total",VLOOKUP(F32,'BD Cap Venda ALE'!$D:$K,5,0),SUMIFS('BD Cap Venda ALE'!H:H,'BD Cap Venda ALE'!E:E,'Capacidade ALE'!G32,'BD Cap Venda ALE'!C:C,'Capacidade ALE'!E32)) -> 1840 | N32: Gasolina C | O32: =IF(RIGHT(F32,5)="Total",VLOOKUP(F32,'BD Cap Venda ALE'!$D:$K,8,0),SUMIFS('BD Cap Venda ALE'!K:K,'BD Cap Venda ALE'!E:E,'Capacidade ALE'!G32,'BD Cap Venda ALE'!C:C,'Capacidade ALE'!E32)) -> 2520.5479 | P32: =IF(RIGHT(F32,5)="Total",VLOOKUP(F32,'Expedição Rodo - ALE'!$A:$H,8,0),"") | S32: Gasolina C | T32: =IFERROR(SUMIFS('BD Cap Venda ALE'!M:M,'BD Cap Venda ALE'!E:E,'Capacidade ALE'!G32,'BD Cap Venda ALE'!C:C,'Capacidade ALE'!E32),0) -> 1199.5117 | U32: =IFERROR(SUMIFS('BD Cap Venda ALE'!N:N,'BD Cap Venda ALE'!E:E,'Capacidade ALE'!G32,'BD Cap Venda ALE'!C:C,'Capacidade ALE'!E32),0) -> 1169.5817
A33: =IF(RIGHT(F33,5)="Total",O33,0) -> 5237.4311 | B33: =RIGHT(F33,5) -> Total | C33: =CONCATENATE(D33,RIGHT(F33,5)) -> TerceirosTotal | D33: Terceiros | E33: 35 | F33: BELEM Total | I33: =IF(RIGHT(F33,5)="Total",VLOOKUP(F33,'BD Cap Venda ALE'!$D:$K,4,0),SUMIFS('BD Cap Venda ALE'!G:G,'BD Cap Venda ALE'!E:E,'Capacidade ALE'!G33,'BD Cap Venda ALE'!C:C,'Capacidade ALE'!E33)) -> 3315 | K33: =IF(RIGHT(F33,5)="Total",VLOOKUP(F33,'Recebimento Rodo - ALE'!$I:$P,8,0),SUMIFS('Recebimento Rodo - ALE'!P:P,'Recebimento Rodo - ALE'!I:I,'Capacidade ALE'!F33,'Recebimento Rodo - ALE'!K:K,'Capacidade ALE'!G33)) -> 5977.9167 | L33: =IF(RIGHT(F33,5)="Total",VLOOKUP(F33,'BD Cap Venda ALE'!$D:$K,5,0),SUMIFS('BD Cap Venda ALE'!H:H,'BD Cap Venda ALE'!E:E,'Capacidade ALE'!G33,'BD Cap Venda ALE'!C:C,'Capacidade ALE'!E33)) -> 6811.4286 | O33: =IF(RIGHT(F33,5)="Total",VLOOKUP(F33,'BD Cap Venda ALE'!$D:$K,8,0),SUMIFS('BD Cap Venda ALE'!K:K,'BD Cap Venda ALE'!E:E,'Capacidade ALE'!G33,'BD Cap Venda ALE'!C:C,'Capacidade ALE'!E33)) -> 5237.4311 | P33: =IF(RIGHT(F33,5)="Total",VLOOKUP(F33,'Expedição Rodo - ALE'!$A:$H,8,0),"") -> 17820 | T33: =IFERROR(SUMIFS('BD Cap Venda ALE'!M:M,'BD Cap Venda ALE'!E:E,'Capacidade ALE'!G33,'BD Cap Venda ALE'!C:C,'Capacidade ALE'!E33),0) -> 0 | U33: =IFERROR(SUMIFS('BD Cap Venda ALE'!N:N,'BD Cap Venda ALE'!E:E,'Capacidade ALE'!G33,'BD Cap Venda ALE'!C:C,'Capacidade ALE'!E33),0) -> 0
A34: =IF(RIGHT(F34,5)="Total",O34,0) -> 0 | B34: =RIGHT(F34,5) -> BETIM | C34: =CONCATENATE(D34,RIGHT(F34,5)) -> PrópriaBETIM | D34: Própria | E34: 1 | F34: BETIM | G34: B100 | I34: =IF(RIGHT(F34,5)="Total",VLOOKUP(F34,'BD Cap Venda ALE'!$D:$K,4,0),SUMIFS('BD Cap Venda ALE'!G:G,'BD Cap Venda ALE'!E:E,'Capacidade ALE'!G34,'BD Cap Venda ALE'!C:C,'Capacidade ALE'!E34)) -> 382.31648 | K34: =IF(RIGHT(F34,5)="Total",VLOOKUP(F34,'Recebimento Rodo - ALE'!$I:$P,8,0),SUMIFS('Recebimento Rodo - ALE'!P:P,'Recebimento Rodo - ALE'!I:I,'Capacidade ALE'!F34,'Recebimento Rodo - ALE'!K:K,'Capacidade ALE'!G34)) -> 3950.9109 | L34: =IF(RIGHT(F34,5)="Total",VLOOKUP(F34,'BD Cap Venda ALE'!$D:$K,5,0),SUMIFS('BD Cap Venda ALE'!H:H,'BD Cap Venda ALE'!E:E,'Capacidade ALE'!G34,'BD Cap Venda ALE'!C:C,'Capacidade ALE'!E34)) -> 1310.7993 | O34: =IF(RIGHT(F34,5)="Total",VLOOKUP(F34,'BD Cap Venda ALE'!$D:$K,8,0),SUMIFS('BD Cap Venda ALE'!K:K,'BD Cap Venda ALE'!E:E,'Capacidade ALE'!G34,'BD Cap Venda ALE'!C:C,'Capacidade ALE'!E34)) -> 0 | P34: =IF(RIGHT(F34,5)="Total",VLOOKUP(F34,'Expedição Rodo - ALE'!$A:$H,8,0),"") | Q34: As capacidades de recebimento rodoviário foram diluídas conforme a participação identificada pelo Ale 738. Entretanto, estas podem ser alteradas entre os produtos, respeitando a capacidade total da base, em função do modelo de recebimento rodoviário. | T34: =IFERROR(SUMIFS('BD Cap Venda ALE'!M:M,'BD Cap Venda ALE'!E:E,'Capacidade ALE'!G34,'BD Cap Venda ALE'!C:C,'Capacidade ALE'!E34),0) -> 2212.6667 | U34: =IFERROR(SUMIFS('BD Cap Venda ALE'!N:N,'BD Cap Venda ALE'!E:E,'Capacidade ALE'!G34,'BD Cap Venda ALE'!C:C,'Capacidade ALE'!E34),0) -> 2396.9083
A35: =IF(RIGHT(F35,5)="Total",O35,0) -> 0 | B35: =RIGHT(F35,5) -> BETIM | C35: =CONCATENATE(D35,RIGHT(F35,5)) -> PrópriaBETIM | D35: Própria | E35: 1 | F35: BETIM | G35: Diesel A S10 | I35: =IF(RIGHT(F35,5)="Total",VLOOKUP(F35,'BD Cap Venda ALE'!$D:$K,4,0),SUMIFS('BD Cap Venda ALE'!G:G,'BD Cap Venda ALE'!E:E,'Capacidade ALE'!G35,'BD Cap Venda ALE'!C:C,'Capacidade ALE'!E35)) -> 1333.4326 | K35: =IF(RIGHT(F35,5)="Total",VLOOKUP(F35,'Recebimento Rodo - ALE'!$I:$P,8,0),SUMIFS('Recebimento Rodo - ALE'!P:P,'Recebimento Rodo - ALE'!I:I,'Capacidade ALE'!F35,'Recebimento Rodo - ALE'!K:K,'Capacidade ALE'!G35)) -> 4169.0181 | L35: =IF(RIGHT(F35,5)="Total",VLOOKUP(F35,'BD Cap Venda ALE'!$D:$K,5,0),SUMIFS('BD Cap Venda ALE'!H:H,'BD Cap Venda ALE'!E:E,'Capacidade ALE'!G35,'BD Cap Venda ALE'!C:C,'Capacidade ALE'!E35)) -> 32002.383 | N35: Diesel B S10 | O35: =IF(RIGHT(F35,5)="Total",VLOOKUP(F35,'BD Cap Venda ALE'!$D:$K,8,0),SUMIFS('BD Cap Venda ALE'!K:K,'BD Cap Venda ALE'!E:E,'Capacidade ALE'!G35,'BD Cap Venda ALE'!C:C,'Capacidade ALE'!E35)) -> 5707.2716 | P35: =IF(RIGHT(F35,5)="Total",VLOOKUP(F35,'Expedição Rodo - ALE'!$A:$H,8,0),"") | S35: Diesel B S10 | T35: =IFERROR(SUMIFS('BD Cap Venda ALE'!M:M,'BD Cap Venda ALE'!E:E,'Capacidade ALE'!G35,'BD Cap Venda ALE'!C:C,'Capacidade ALE'!E35),0) -> 12319.817 | U35: =IFERROR(SUMIFS('BD Cap Venda ALE'!N:N,'BD Cap Venda ALE'!E:E,'Capacidade ALE'!G35,'BD Cap Venda ALE'!C:C,'Capacidade ALE'!E35),0) -> 12677.108
A36: =IF(RIGHT(F36,5)="Total",O36,0) -> 0 | B36: =RIGHT(F36,5) -> BETIM | C36: =CONCATENATE(D36,RIGHT(F36,5)) -> PrópriaBETIM | D36: Própria | E36: 1 | F36: BETIM | G36: Diesel A S500 | I36: =IF(RIGHT(F36,5)="Total",VLOOKUP(F36,'BD Cap Venda ALE'!$D:$K,4,0),SUMIFS('BD Cap Venda ALE'!G:G,'BD Cap Venda ALE'!E:E,'Capacidade ALE'!G36,'BD Cap Venda ALE'!C:C,'Capacidade ALE'!E36)) -> 1115.2928 | K36: =IF(RIGHT(F36,5)="Total",VLOOKUP(F36,'Recebimento Rodo - ALE'!$I:$P,8,0),SUMIFS('Recebimento Rodo - ALE'!P:P,'Recebimento Rodo - ALE'!I:I,'Capacidade ALE'!F36,'Recebimento Rodo - ALE'!K:K,'Capacidade ALE'!G36)) -> 4169.0181 | L36: =IF(RIGHT(F36,5)="Total",VLOOKUP(F36,'BD Cap Venda ALE'!$D:$K,5,0),SUMIFS('BD Cap Venda ALE'!H:H,'BD Cap Venda ALE'!E:E,'Capacidade ALE'!G36,'BD Cap Venda ALE'!C:C,'Capacidade ALE'!E36)) -> 26767.026 | N36: Diesel B S500 | O36: =IF(RIGHT(F36,5)="Total",VLOOKUP(F36,'BD Cap Venda ALE'!$D:$K,8,0),SUMIFS('BD Cap Venda ALE'!K:K,'BD Cap Venda ALE'!E:E,'Capacidade ALE'!G36,'BD Cap Venda ALE'!C:C,'Capacidade ALE'!E36)) -> 4776.849 | P36: =P40 -> 90988.924 | S36: Diesel B S500 | T36: =IFERROR(SUMIFS('BD Cap Venda ALE'!M:M,'BD Cap Venda ALE'!E:E,'Capacidade ALE'!G36,'BD Cap Venda ALE'!C:C,'Capacidade ALE'!E36),0) -> 7228.35 | U36: =IFERROR(SUMIFS('BD Cap Venda ALE'!N:N,'BD Cap Venda ALE'!E:E,'Capacidade ALE'!G36,'BD Cap Venda ALE'!C:C,'Capacidade ALE'!E36),0) -> 7847.4
A37: =IF(RIGHT(F37,5)="Total",O37,0) -> 0 | B37: =RIGHT(F37,5) -> BETIM | C37: =CONCATENATE(D37,RIGHT(F37,5)) -> PrópriaBETIM | D37: Própria | E37: 1 | F37: BETIM | G37: Etanol Anidro | I37: =IF(RIGHT(F37,5)="Total",VLOOKUP(F37,'BD Cap Venda ALE'!$D:$K,4,0),SUMIFS('BD Cap Venda ALE'!G:G,'BD Cap Venda ALE'!E:E,'Capacidade ALE'!G37,'BD Cap Venda ALE'!C:C,'Capacidade ALE'!E37)) -> 820.55322 | K37: =IF(RIGHT(F37,5)="Total",VLOOKUP(F37,'Recebimento Rodo - ALE'!$I:$P,8,0),SUMIFS('Recebimento Rodo - ALE'!P:P,'Recebimento Rodo - ALE'!I:I,'Capacidade ALE'!F37,'Recebimento Rodo - ALE'!K:K,'Capacidade ALE'!G37)) -> 6884.6297 | L37: =IF(RIGHT(F37,5)="Total",VLOOKUP(F37,'BD Cap Venda ALE'!$D:$K,5,0),SUMIFS('BD Cap Venda ALE'!H:H,'BD Cap Venda ALE'!E:E,'Capacidade ALE'!G37,'BD Cap Venda ALE'!C:C,'Capacidade ALE'!E37)) -> 6564.4258 | O37: =IF(RIGHT(F37,5)="Total",VLOOKUP(F37,'BD Cap Venda ALE'!$D:$K,8,0),SUMIFS('BD Cap Venda ALE'!K:K,'BD Cap Venda ALE'!E:E,'Capacidade ALE'!G37,'BD Cap Venda ALE'!C:C,'Capacidade ALE'!E37)) -> 0 | P37: =IF(RIGHT(F37,5)="Total",VLOOKUP(F37,'Expedição Rodo - ALE'!$A:$H,8,0),"") | T37: =IFERROR(SUMIFS('BD Cap Venda ALE'!M:M,'BD Cap Venda ALE'!E:E,'Capacidade ALE'!G37,'BD Cap Venda ALE'!C:C,'Capacidade ALE'!E37),0) -> 8305.32 | U37: =IFERROR(SUMIFS('BD Cap Venda ALE'!N:N,'BD Cap Venda ALE'!E:E,'Capacidade ALE'!G37,'BD Cap Venda ALE'!C:C,'Capacidade ALE'!E37),0) -> 7855.845
A38: =IF(RIGHT(F38,5)="Total",O38,0) -> 0 | B38: =RIGHT(F38,5) -> BETIM | C38: =CONCATENATE(D38,RIGHT(F38,5)) -> PrópriaBETIM | D38: Própria | E38: 1 | F38: BETIM | G38: Etanol Hidratado | I38: =IF(RIGHT(F38,5)="Total",VLOOKUP(F38,'BD Cap Venda ALE'!$D:$K,4,0),SUMIFS('BD Cap Venda ALE'!G:G,'BD Cap Venda ALE'!E:E,'Capacidade ALE'!G38,'BD Cap Venda ALE'!C:C,'Capacidade ALE'!E38)) -> 670.98888 | K38: =IF(RIGHT(F38,5)="Total",VLOOKUP(F38,'Recebimento Rodo - ALE'!$I:$P,8,0),SUMIFS('Recebimento Rodo - ALE'!P:P,'Recebimento Rodo - ALE'!I:I,'Capacidade ALE'!F38,'Recebimento Rodo - ALE'!K:K,'Capacidade ALE'!G38)) -> 9825.7952 | L38: =IF(RIGHT(F38,5)="Total",VLOOKUP(F38,'BD Cap Venda ALE'!$D:$K,5,0),SUMIFS('BD Cap Venda ALE'!H:H,'BD Cap Venda ALE'!E:E,'Capacidade ALE'!G38,'BD Cap Venda ALE'!C:C,'Capacidade ALE'!E38)) -> 5367.9111 | N38: Álcool | O38: =IF(RIGHT(F38,5)="Total",VLOOKUP(F38,'BD Cap Venda ALE'!$D:$K,8,0),SUMIFS('BD Cap Venda ALE'!K:K,'BD Cap Venda ALE'!E:E,'Capacidade ALE'!G38,'BD Cap Venda ALE'!C:C,'Capacidade ALE'!E38)) -> 5367.9111 | P38: =IF(RIGHT(F38,5)="Total",VLOOKUP(F38,'Expedição Rodo - ALE'!$A:$H,8,0),"") | S38: Álcool | T38: =IFERROR(SUMIFS('BD Cap Venda ALE'!M:M,'BD Cap Venda ALE'!E:E,'Capacidade ALE'!G38,'BD Cap Venda ALE'!C:C,'Capacidade ALE'!E38),0) -> 5729.8333 | U38: =IFERROR(SUMIFS('BD Cap Venda ALE'!N:N,'BD Cap Venda ALE'!E:E,'Capacidade ALE'!G38,'BD Cap Venda ALE'!C:C,'Capacidade ALE'!E38),0) -> 6212.0833
A39: =IF(RIGHT(F39,5)="Total",O39,0) -> 0 | B39: =RIGHT(F39,5) -> BETIM | C39: =CONCATENATE(D39,RIGHT(F39,5)) -> PrópriaBETIM | D39: Própria | E39: 1 | F39: BETIM | G39: Gasolina A | I39: =IF(RIGHT(F39,5)="Total",VLOOKUP(F39,'BD Cap Venda ALE'!$D:$K,4,0),SUMIFS('BD Cap Venda ALE'!G:G,'BD Cap Venda ALE'!E:E,'Capacidade ALE'!G39,'BD Cap Venda ALE'!C:C,'Capacidade ALE'!E39)) -> 1892.8271 | K39: =IF(RIGHT(F39,5)="Total",VLOOKUP(F39,'Recebimento Rodo - ALE'!$I:$P,8,0),SUMIFS('Recebimento Rodo - ALE'!P:P,'Recebimento Rodo - ALE'!I:I,'Capacidade ALE'!F39,'Recebimento Rodo - ALE'!K:K,'Capacidade ALE'!G39)) -> 4169.0181 | L39: =IF(RIGHT(F39,5)="Total",VLOOKUP(F39,'BD Cap Venda ALE'!$D:$K,5,0),SUMIFS('BD Cap Venda ALE'!H:H,'BD Cap Venda ALE'!E:E,'Capacidade ALE'!G39,'BD Cap Venda ALE'!C:C,'Capacidade ALE'!E39)) -> 45427.849 | N39: Gasolina C | O39: =IF(RIGHT(F39,5)="Total",VLOOKUP(F39,'BD Cap Venda ALE'!$D:$K,8,0),SUMIFS('BD Cap Venda ALE'!K:K,'BD Cap Venda ALE'!E:E,'Capacidade ALE'!G39,'BD Cap Venda ALE'!C:C,'Capacidade ALE'!E39)) -> 24312.688 | P39: =IF(RIGHT(F39,5)="Total",VLOOKUP(F39,'Expedição Rodo - ALE'!$A:$H,8,0),"") | S39: Gasolina C | T39: =IFERROR(SUMIFS('BD Cap Venda ALE'!M:M,'BD Cap Venda ALE'!E:E,'Capacidade ALE'!G39,'BD Cap Venda ALE'!C:C,'Capacidade ALE'!E39),0) -> 23273.68 | U39: =IFERROR(SUMIFS('BD Cap Venda ALE'!N:N,'BD Cap Venda ALE'!E:E,'Capacidade ALE'!G39,'BD Cap Venda ALE'!C:C,'Capacidade ALE'!E39),0) -> 22207.905
A40: =IF(RIGHT(F40,5)="Total",O40,0) -> 40164.72 | B40: =RIGHT(F40,5) -> Total | C40: =CONCATENATE(D40,RIGHT(F40,5)) -> PrópriaTotal | D40: Própria | E40: 1 | F40: BETIM Total | I40: =IF(RIGHT(F40,5)="Total",VLOOKUP(F40,'BD Cap Venda ALE'!$D:$K,4,0),SUMIFS('BD Cap Venda ALE'!G:G,'BD Cap Venda ALE'!E:E,'Capacidade ALE'!G40,'BD Cap Venda ALE'!C:C,'Capacidade ALE'!E40)) -> 6215.411 | K40: =IF(RIGHT(F40,5)="Total",VLOOKUP(F40,'Recebimento Rodo - ALE'!$I:$P,8,0),SUMIFS('Recebimento Rodo - ALE'!P:P,'Recebimento Rodo - ALE'!I:I,'Capacidade ALE'!F40,'Recebimento Rodo - ALE'!K:K,'Capacidade ALE'!G40)) -> 33168.39 | L40: =IF(RIGHT(F40,5)="Total",VLOOKUP(F40,'BD Cap Venda ALE'!$D:$K,5,0),SUMIFS('BD Cap Venda ALE'!H:H,'BD Cap Venda ALE'!E:E,'Capacidade ALE'!G40,'BD Cap Venda ALE'!C:C,'Capacidade ALE'!E40)) -> 117440.4 | O40: =IF(RIGHT(F40,5)="Total",VLOOKUP(F40,'BD Cap Venda ALE'!$D:$K,8,0),SUMIFS('BD Cap Venda ALE'!K:K,'BD Cap Venda ALE'!E:E,'Capacidade ALE'!G40,'BD Cap Venda ALE'!C:C,'Capacidade ALE'!E40)) -> 40164.72 | P40: =IF(RIGHT(F40,5)="Total",VLOOKUP(F40,'Expedição Rodo - ALE'!$A:$H,8,0),"") -> 90988.924 | T40: =IFERROR(SUMIFS('BD Cap Venda ALE'!M:M,'BD Cap Venda ALE'!E:E,'Capacidade ALE'!G40,'BD Cap Venda ALE'!C:C,'Capacidade ALE'!E40),0) -> 0 | U40: =IFERROR(SUMIFS('BD Cap Venda ALE'!N:N,'BD Cap Venda ALE'!E:E,'Capacidade ALE'!G40,'BD Cap Venda ALE'!C:C,'Capacidade ALE'!E40),0) -> 0
A41: =IF(RIGHT(F41,5)="Total",O41,0) -> 0 | B41: =RIGHT(F41,5) -> GUACU | C41: =CONCATENATE(D41,RIGHT(F41,5)) -> DemocráticaGUACU | D41: Democrática | E41: 25 | F41: BIGUACU | G41: B100 | I41: =IF(RIGHT(F41,5)="Total",VLOOKUP(F41,'BD Cap Venda ALE'!$D:$K,4,0),SUMIFS('BD Cap Venda ALE'!G:G,'BD Cap Venda ALE'!E:E,'Capacidade ALE'!G41,'BD Cap Venda ALE'!C:C,'Capacidade ALE'!E41)) -> 28 | K41: =IF(RIGHT(F41,5)="Total",VLOOKUP(F41,'Recebimento Rodo - ALE'!$I:$P,8,0),SUMIFS('Recebimento Rodo - ALE'!P:P,'Recebimento Rodo - ALE'!I:I,'Capacidade ALE'!F41,'Recebimento Rodo - ALE'!K:K,'Capacidade ALE'!G41)) -> 754.7145 | L41: =IF(RIGHT(F41,5)="Total",VLOOKUP(F41,'BD Cap Venda ALE'!$D:$K,5,0),SUMIFS('BD Cap Venda ALE'!H:H,'BD Cap Venda ALE'!E:E,'Capacidade ALE'!G41,'BD Cap Venda ALE'!C:C,'Capacidade ALE'!E41)) -> 134.4 | O41: =IF(RIGHT(F41,5)="Total",VLOOKUP(F41,'BD Cap Venda ALE'!$D:$K,8,0),SUMIFS('BD Cap Venda ALE'!K:K,'BD Cap Venda ALE'!E:E,'Capacidade ALE'!G41,'BD Cap Venda ALE'!C:C,'Capacidade ALE'!E41)) -> 0 | P41: =IF(RIGHT(F41,5)="Total",VLOOKUP(F41,'Expedição Rodo - ALE'!$A:$H,8,0),"") | Q41: =IF(P47<O47,"capacidade de expedição rodoviária abaixo da capacidade de venda mensal, prevalece a capacidade de venda mensal em virtude do terminal ter a obrigatoriedade de garantia do giro dos espaços contratados em linha com a logística da filial.","") | T41: =IFERROR(SUMIFS('BD Cap Venda ALE'!M:M,'BD Cap Venda ALE'!E:E,'Capacidade ALE'!G41,'BD Cap Venda ALE'!C:C,'Capacidade ALE'!E41),0) -> 71.383333 | U41: =IFERROR(SUMIFS('BD Cap Venda ALE'!N:N,'BD Cap Venda ALE'!E:E,'Capacidade ALE'!G41,'BD Cap Venda ALE'!C:C,'Capacidade ALE'!E41),0) -> 68.65
A42: =IF(RIGHT(F42,5)="Total",O42,0) -> 0 | B42: =RIGHT(F42,5) -> GUACU | C42: =CONCATENATE(D42,RIGHT(F42,5)) -> DemocráticaGUACU | D42: Democrática | E42: 25 | F42: BIGUACU | G42: Diesel A S10 | I42: =IF(RIGHT(F42,5)="Total",VLOOKUP(F42,'BD Cap Venda ALE'!$D:$K,4,0),SUMIFS('BD Cap Venda ALE'!G:G,'BD Cap Venda ALE'!E:E,'Capacidade ALE'!G42,'BD Cap Venda ALE'!C:C,'Capacidade ALE'!E42)) -> 0 | K42: =IF(RIGHT(F42,5)="Total",VLOOKUP(F42,'Recebimento Rodo - ALE'!$I:$P,8,0),SUMIFS('Recebimento Rodo - ALE'!P:P,'Recebimento Rodo - ALE'!I:I,'Capacidade ALE'!F42,'Recebimento Rodo - ALE'!K:K,'Capacidade ALE'!G42)) -> 0 | L42: =IF(RIGHT(F42,5)="Total",VLOOKUP(F42,'BD Cap Venda ALE'!$D:$K,5,0),SUMIFS('BD Cap Venda ALE'!H:H,'BD Cap Venda ALE'!E:E,'Capacidade ALE'!G42,'BD Cap Venda ALE'!C:C,'Capacidade ALE'!E42)) -> 0 | N42: Diesel B S10 | O42: =IF(RIGHT(F42,5)="Total",VLOOKUP(F42,'BD Cap Venda ALE'!$D:$K,8,0),SUMIFS('BD Cap Venda ALE'!K:K,'BD Cap Venda ALE'!E:E,'Capacidade ALE'!G42,'BD Cap Venda ALE'!C:C,'Capacidade ALE'!E42)) -> 0 | P42: =IF(RIGHT(F42,5)="Total",VLOOKUP(F42,'Expedição Rodo - ALE'!$A:$H,8,0),"") | S42: Diesel B S10 | T42: =IFERROR(SUMIFS('BD Cap Venda ALE'!M:M,'BD Cap Venda ALE'!E:E,'Capacidade ALE'!G42,'BD Cap Venda ALE'!C:C,'Capacidade ALE'!E42),0) -> 533.85 | U42: =IFERROR(SUMIFS('BD Cap Venda ALE'!N:N,'BD Cap Venda ALE'!E:E,'Capacidade ALE'!G42,'BD Cap Venda ALE'!C:C,'Capacidade ALE'!E42),0) -> 499.05
A43: =IF(RIGHT(F43,5)="Total",O43,0) -> 0 | B43: =RIGHT(F43,5) -> GUACU | C43: =CONCATENATE(D43,RIGHT(F43,5)) -> DemocráticaGUACU | D43: Democrática | E43: 25 | F43: BIGUACU | G43: Diesel A S500 | I43: =IF(RIGHT(F43,5)="Total",VLOOKUP(F43,'BD Cap Venda ALE'!$D:$K,4,0),SUMIFS('BD Cap Venda ALE'!G:G,'BD Cap Venda ALE'!E:E,'Capacidade ALE'!G43,'BD Cap Venda ALE'!C:C,'Capacidade ALE'!E43)) -> 0 | K43: =IF(RIGHT(F43,5)="Total",VLOOKUP(F43,'Recebimento Rodo - ALE'!$I:$P,8,0),SUMIFS('Recebimento Rodo - ALE'!P:P,'Recebimento Rodo - ALE'!I:I,'Capacidade ALE'!F43,'Recebimento Rodo - ALE'!K:K,'Capacidade ALE'!G43)) -> 0 | L43: =IF(RIGHT(F43,5)="Total",VLOOKUP(F43,'BD Cap Venda ALE'!$D:$K,5,0),SUMIFS('BD Cap Venda ALE'!H:H,'BD Cap Venda ALE'!E:E,'Capacidade ALE'!G43,'BD Cap Venda ALE'!C:C,'Capacidade ALE'!E43)) -> 0 | N43: Diesel B S500 | O43: =IF(RIGHT(F43,5)="Total",VLOOKUP(F43,'BD Cap Venda ALE'!$D:$K,8,0),SUMIFS('BD Cap Venda ALE'!K:K,'BD Cap Venda ALE'!E:E,'Capacidade ALE'!G43,'BD Cap Venda ALE'!C:C,'Capacidade ALE'!E43)) -> 0 | P43: =P47 -> 8316 | S43: Diesel B S500 | T43: =IFERROR(SUMIFS('BD Cap Venda ALE'!M:M,'BD Cap Venda ALE'!E:E,'Capacidade ALE'!G43,'BD Cap Venda ALE'!C:C,'Capacidade ALE'!E43),0) -> 108.6 | U43: =IFERROR(SUMIFS('BD Cap Venda ALE'!N:N,'BD Cap Venda ALE'!E:E,'Capacidade ALE'!G43,'BD Cap Venda ALE'!C:C,'Capacidade ALE'!E43),0) -> 118.8
A44: =IF(RIGHT(F44,5)="Total",O44,0) -> 0 | B44: =RIGHT(F44,5) -> GUACU | C44: =CONCATENATE(D44,RIGHT(F44,5)) -> DemocráticaGUACU | D44: Democrática | E44: 25 | F44: BIGUACU | G44: Etanol Anidro | I44: =IF(RIGHT(F44,5)="Total",VLOOKUP(F44,'BD Cap Venda ALE'!$D:$K,4,0),SUMIFS('BD Cap Venda ALE'!G:G,'BD Cap Venda ALE'!E:E,'Capacidade ALE'!G44,'BD Cap Venda ALE'!C:C,'Capacidade ALE'!E44)) -> 145 | K44: =IF(RIGHT(F44,5)="Total",VLOOKUP(F44,'Recebimento Rodo - ALE'!$I:$P,8,0),SUMIFS('Recebimento Rodo - ALE'!P:P,'Recebimento Rodo - ALE'!I:I,'Capacidade ALE'!F44,'Recebimento Rodo - ALE'!K:K,'Capacidade ALE'!G44)) -> 737.08333 | L44: =IF(RIGHT(F44,5)="Total",VLOOKUP(F44,'BD Cap Venda ALE'!$D:$K,5,0),SUMIFS('BD Cap Venda ALE'!H:H,'BD Cap Venda ALE'!E:E,'Capacidade ALE'!G44,'BD Cap Venda ALE'!C:C,'Capacidade ALE'!E44)) -> 696 | O44: =IF(RIGHT(F44,5)="Total",VLOOKUP(F44,'BD Cap Venda ALE'!$D:$K,8,0),SUMIFS('BD Cap Venda ALE'!K:K,'BD Cap Venda ALE'!E:E,'Capacidade ALE'!G44,'BD Cap Venda ALE'!C:C,'Capacidade ALE'!E44)) -> 0 | P44: =IF(RIGHT(F44,5)="Total",VLOOKUP(F44,'Expedição Rodo - ALE'!$A:$H,8,0),"") | T44: =IFERROR(SUMIFS('BD Cap Venda ALE'!M:M,'BD Cap Venda ALE'!E:E,'Capacidade ALE'!G44,'BD Cap Venda ALE'!C:C,'Capacidade ALE'!E44),0) -> 677.43 | U44: =IFERROR(SUMIFS('BD Cap Venda ALE'!N:N,'BD Cap Venda ALE'!E:E,'Capacidade ALE'!G44,'BD Cap Venda ALE'!C:C,'Capacidade ALE'!E44),0) -> 666.765
A45: =IF(RIGHT(F45,5)="Total",O45,0) -> 0 | B45: =RIGHT(F45,5) -> GUACU | C45: =CONCATENATE(D45,RIGHT(F45,5)) -> DemocráticaGUACU | D45: Democrática | E45: 25 | F45: BIGUACU | G45: Etanol Hidratado | I45: =IF(RIGHT(F45,5)="Total",VLOOKUP(F45,'BD Cap Venda ALE'!$D:$K,4,0),SUMIFS('BD Cap Venda ALE'!G:G,'BD Cap Venda ALE'!E:E,'Capacidade ALE'!G45,'BD Cap Venda ALE'!C:C,'Capacidade ALE'!E45)) -> 0 | K45: =IF(RIGHT(F45,5)="Total",VLOOKUP(F45,'Recebimento Rodo - ALE'!$I:$P,8,0),SUMIFS('Recebimento Rodo - ALE'!P:P,'Recebimento Rodo - ALE'!I:I,'Capacidade ALE'!F45,'Recebimento Rodo - ALE'!K:K,'Capacidade ALE'!G45)) -> 0 | L45: =IF(RIGHT(F45,5)="Total",VLOOKUP(F45,'BD Cap Venda ALE'!$D:$K,5,0),SUMIFS('BD Cap Venda ALE'!H:H,'BD Cap Venda ALE'!E:E,'Capacidade ALE'!G45,'BD Cap Venda ALE'!C:C,'Capacidade ALE'!E45)) -> 0 | N45: Álcool | O45: =IF(RIGHT(F45,5)="Total",VLOOKUP(F45,'BD Cap Venda ALE'!$D:$K,8,0),SUMIFS('BD Cap Venda ALE'!K:K,'BD Cap Venda ALE'!E:E,'Capacidade ALE'!G45,'BD Cap Venda ALE'!C:C,'Capacidade ALE'!E45)) -> 0 | P45: =IF(RIGHT(F45,5)="Total",VLOOKUP(F45,'Expedição Rodo - ALE'!$A:$H,8,0),"") | S45: Álcool | T45: =IFERROR(SUMIFS('BD Cap Venda ALE'!M:M,'BD Cap Venda ALE'!E:E,'Capacidade ALE'!G45,'BD Cap Venda ALE'!C:C,'Capacidade ALE'!E45),0) -> 0 | U45: =IFERROR(SUMIFS('BD Cap Venda ALE'!N:N,'BD Cap Venda ALE'!E:E,'Capacidade ALE'!G45,'BD Cap Venda ALE'!C:C,'Capacidade ALE'!E45),0) -> 0
A46: =IF(RIGHT(F46,5)="Total",O46,0) -> 0 | B46: =RIGHT(F46,5) -> GUACU | C46: =CONCATENATE(D46,RIGHT(F46,5)) -> DemocráticaGUACU | D46: Democrática | E46: 25 | F46: BIGUACU | G46: Gasolina A | I46: =IF(RIGHT(F46,5)="Total",VLOOKUP(F46,'BD Cap Venda ALE'!$D:$K,4,0),SUMIFS('BD Cap Venda ALE'!G:G,'BD Cap Venda ALE'!E:E,'Capacidade ALE'!G46,'BD Cap Venda ALE'!C:C,'Capacidade ALE'!E46)) -> 0 | K46: =IF(RIGHT(F46,5)="Total",VLOOKUP(F46,'Recebimento Rodo - ALE'!$I:$P,8,0),SUMIFS('Recebimento Rodo - ALE'!P:P,'Recebimento Rodo - ALE'!I:I,'Capacidade ALE'!F46,'Recebimento Rodo - ALE'!K:K,'Capacidade ALE'!G46)) -> 0 | L46: =IF(RIGHT(F46,5)="Total",VLOOKUP(F46,'BD Cap Venda ALE'!$D:$K,5,0),SUMIFS('BD Cap Venda ALE'!H:H,'BD Cap Venda ALE'!E:E,'Capacidade ALE'!G46,'BD Cap Venda ALE'!C:C,'Capacidade ALE'!E46)) -> 0 | N46: Gasolina C | O46: =IF(RIGHT(F46,5)="Total",VLOOKUP(F46,'BD Cap Venda ALE'!$D:$K,8,0),SUMIFS('BD Cap Venda ALE'!K:K,'BD Cap Venda ALE'!E:E,'Capacidade ALE'!G46,'BD Cap Venda ALE'!C:C,'Capacidade ALE'!E46)) -> 0 | P46: =IF(RIGHT(F46,5)="Total",VLOOKUP(F46,'Expedição Rodo - ALE'!$A:$H,8,0),"") | S46: Gasolina C | T46: =IFERROR(SUMIFS('BD Cap Venda ALE'!M:M,'BD Cap Venda ALE'!E:E,'Capacidade ALE'!G46,'BD Cap Venda ALE'!C:C,'Capacidade ALE'!E46),0) -> 1831.57 | U46: =IFERROR(SUMIFS('BD Cap Venda ALE'!N:N,'BD Cap Venda ALE'!E:E,'Capacidade ALE'!G46,'BD Cap Venda ALE'!C:C,'Capacidade ALE'!E46),0) -> 1802.735
A47: =IF(RIGHT(F47,5)="Total",O47,0) -> 0 | B47: =RIGHT(F47,5) -> Total | C47: =CONCATENATE(D47,RIGHT(F47,5)) -> DemocráticaTotal | D47: Democrática | E47: 25 | F47: BIGUACU Total | I47: =IF(RIGHT(F47,5)="Total",VLOOKUP(F47,'BD Cap Venda ALE'!$D:$K,4,0),SUMIFS('BD Cap Venda ALE'!G:G,'BD Cap Venda ALE'!E:E,'Capacidade ALE'!G47,'BD Cap Venda ALE'!C:C,'Capacidade ALE'!E47)) -> 173 | K47: =IF(RIGHT(F47,5)="Total",VLOOKUP(F47,'Recebimento Rodo - ALE'!$I:$P,8,0),SUMIFS('Recebimento Rodo - ALE'!P:P,'Recebimento Rodo - ALE'!I:I,'Capacidade ALE'!F47,'Recebimento Rodo - ALE'!K:K,'Capacidade ALE'!G47)) -> 1491.7978 | L47: =IF(RIGHT(F47,5)="Total",VLOOKUP(F47,'BD Cap Venda ALE'!$D:$K,5,0),SUMIFS('BD Cap Venda ALE'!H:H,'BD Cap Venda ALE'!E:E,'Capacidade ALE'!G47,'BD Cap Venda ALE'!C:C,'Capacidade ALE'!E47)) -> 830.4 | O47: =IF(RIGHT(F47,5)="Total",VLOOKUP(F47,'BD Cap Venda ALE'!$D:$K,8,0),SUMIFS('BD Cap Venda ALE'!K:K,'BD Cap Venda ALE'!E:E,'Capacidade ALE'!G47,'BD Cap Venda ALE'!C:C,'Capacidade ALE'!E47)) -> 0 | P47: =IF(RIGHT(F47,5)="Total",VLOOKUP(F47,'Expedição Rodo - ALE'!$A:$H,8,0),"") -> 8316 | T47: =IFERROR(SUMIFS('BD Cap Venda ALE'!M:M,'BD Cap Venda ALE'!E:E,'Capacidade ALE'!G47,'BD Cap Venda ALE'!C:C,'Capacidade ALE'!E47),0) -> 0 | U47: =IFERROR(SUMIFS('BD Cap Venda ALE'!N:N,'BD Cap Venda ALE'!E:E,'Capacidade ALE'!G47,'BD Cap Venda ALE'!C:C,'Capacidade ALE'!E47),0) -> 0
A48: =IF(RIGHT(F48,5)="Total",O48,0) -> 0 | B48: =RIGHT(F48,5) -> SILIA | C48: =CONCATENATE(D48,RIGHT(F48,5)) -> PoolSILIA | D48: Pool | E48: 42 | F48: BRASILIA | G48: B100 | I48: =IF(RIGHT(F48,5)="Total",VLOOKUP(F48,'BD Cap Venda ALE'!$D:$K,4,0),SUMIFS('BD Cap Venda ALE'!G:G,'BD Cap Venda ALE'!E:E,'Capacidade ALE'!G48,'BD Cap Venda ALE'!C:C,'Capacidade ALE'!E48)) -> 135.1676 | K48: =IF(RIGHT(F48,5)="Total",VLOOKUP(F48,'Recebimento Rodo - ALE'!$I:$P,8,0),SUMIFS('Recebimento Rodo - ALE'!P:P,'Recebimento Rodo - ALE'!I:I,'Capacidade ALE'!F48,'Recebimento Rodo - ALE'!K:K,'Capacidade ALE'!G48)) -> 359.964 | L48: =IF(RIGHT(F48,5)="Total",VLOOKUP(F48,'BD Cap Venda ALE'!$D:$K,5,0),SUMIFS('BD Cap Venda ALE'!H:H,'BD Cap Venda ALE'!E:E,'Capacidade ALE'!G48,'BD Cap Venda ALE'!C:C,'Capacidade ALE'!E48)) -> 648.80447 | O48: =IF(RIGHT(F48,5)="Total",VLOOKUP(F48,'BD Cap Venda ALE'!$D:$K,8,0),SUMIFS('BD Cap Venda ALE'!K:K,'BD Cap Venda ALE'!E:E,'Capacidade ALE'!G48,'BD Cap Venda ALE'!C:C,'Capacidade ALE'!E48)) -> 0 | P48: =IF(RIGHT(F48,5)="Total",VLOOKUP(F48,'Expedição Rodo - ALE'!$A:$H,8,0),"") | Q48: =IF(O54=P54,"Capacidade mensal de venda reduzida pela capacidade de expedição rodoviária.","") | T48: =IFERROR(SUMIFS('BD Cap Venda ALE'!M:M,'BD Cap Venda ALE'!E:E,'Capacidade ALE'!G48,'BD Cap Venda ALE'!C:C,'Capacidade ALE'!E48),0) -> 178.46667 | U48: =IFERROR(SUMIFS('BD Cap Venda ALE'!N:N,'BD Cap Venda ALE'!E:E,'Capacidade ALE'!G48,'BD Cap Venda ALE'!C:C,'Capacidade ALE'!E48),0) -> 197.19167
A49: =IF(RIGHT(F49,5)="Total",O49,0) -> 0 | B49: =RIGHT(F49,5) -> SILIA | C49: =CONCATENATE(D49,RIGHT(F49,5)) -> PoolSILIA | D49: Pool | E49: 42 | F49: BRASILIA | G49: Diesel A S10 | I49: =IF(RIGHT(F49,5)="Total",VLOOKUP(F49,'BD Cap Venda ALE'!$D:$K,4,0),SUMIFS('BD Cap Venda ALE'!G:G,'BD Cap Venda ALE'!E:E,'Capacidade ALE'!G49,'BD Cap Venda ALE'!C:C,'Capacidade ALE'!E49)) -> 916.66298 | K49: =IF(RIGHT(F49,5)="Total",VLOOKUP(F49,'Recebimento Rodo - ALE'!$I:$P,8,0),SUMIFS('Recebimento Rodo - ALE'!P:P,'Recebimento Rodo - ALE'!I:I,'Capacidade ALE'!F49,'Recebimento Rodo - ALE'!K:K,'Capacidade ALE'!G49)) -> 423.9576 | L49: =IF(RIGHT(F49,5)="Total",VLOOKUP(F49,'BD Cap Venda ALE'!$D:$K,5,0),SUMIFS('BD Cap Venda ALE'!H:H,'BD Cap Venda ALE'!E:E,'Capacidade ALE'!G49,'BD Cap Venda ALE'!C:C,'Capacidade ALE'!E49)) -> 10999.956 | N49: Diesel B S10 | O49: =IF(RIGHT(F49,5)="Total",VLOOKUP(F49,'BD Cap Venda ALE'!$D:$K,8,0),SUMIFS('BD Cap Venda ALE'!K:K,'BD Cap Venda ALE'!E:E,'Capacidade ALE'!G49,'BD Cap Venda ALE'!C:C,'Capacidade ALE'!E49)) -> 4146.287 | P49: =IF(RIGHT(F49,5)="Total",VLOOKUP(F49,'Expedição Rodo - ALE'!$A:$H,8,0),"") | S49: Diesel B S10 | T49: =IFERROR(SUMIFS('BD Cap Venda ALE'!M:M,'BD Cap Venda ALE'!E:E,'Capacidade ALE'!G49,'BD Cap Venda ALE'!C:C,'Capacidade ALE'!E49),0) -> 1204.3167 | U49: =IFERROR(SUMIFS('BD Cap Venda ALE'!N:N,'BD Cap Venda ALE'!E:E,'Capacidade ALE'!G49,'BD Cap Venda ALE'!C:C,'Capacidade ALE'!E49),0) -> 1278.8083
A50: =IF(RIGHT(F50,5)="Total",O50,0) -> 0 | B50: =RIGHT(F50,5) -> SILIA | C50: =CONCATENATE(D50,RIGHT(F50,5)) -> PoolSILIA | D50: Pool | E50: 42 | F50: BRASILIA | G50: Diesel A S500 | I50: =IF(RIGHT(F50,5)="Total",VLOOKUP(F50,'BD Cap Venda ALE'!$D:$K,4,0),SUMIFS('BD Cap Venda ALE'!G:G,'BD Cap Venda ALE'!E:E,'Capacidade ALE'!G50,'BD Cap Venda ALE'!C:C,'Capacidade ALE'!E50)) -> 696.63381 | K50: =IF(RIGHT(F50,5)="Total",VLOOKUP(F50,'Recebimento Rodo - ALE'!$I:$P,8,0),SUMIFS('Recebimento Rodo - ALE'!P:P,'Recebimento Rodo - ALE'!I:I,'Capacidade ALE'!F50,'Recebimento Rodo - ALE'!K:K,'Capacidade ALE'!G50)) -> 1236.543 | L50: =IF(RIGHT(F50,5)="Total",VLOOKUP(F50,'BD Cap Venda ALE'!$D:$K,5,0),SUMIFS('BD Cap Venda ALE'!H:H,'BD Cap Venda ALE'!E:E,'Capacidade ALE'!G50,'BD Cap Venda ALE'!C:C,'Capacidade ALE'!E50)) -> 3343.8423 | N50: Diesel B S500 | O50: =IF(RIGHT(F50,5)="Total",VLOOKUP(F50,'BD Cap Venda ALE'!$D:$K,8,0),SUMIFS('BD Cap Venda ALE'!K:K,'BD Cap Venda ALE'!E:E,'Capacidade ALE'!G50,'BD Cap Venda ALE'!C:C,'Capacidade ALE'!E50)) -> 1260.4169 | P50: =P54 -> 7788 | S50: Diesel B S500 | T50: =IFERROR(SUMIFS('BD Cap Venda ALE'!M:M,'BD Cap Venda ALE'!E:E,'Capacidade ALE'!G50,'BD Cap Venda ALE'!C:C,'Capacidade ALE'!E50),0) -> 452.55 | U50: =IFERROR(SUMIFS('BD Cap Venda ALE'!N:N,'BD Cap Venda ALE'!E:E,'Capacidade ALE'!G50,'BD Cap Venda ALE'!C:C,'Capacidade ALE'!E50),0) -> 526.25
A51: =IF(RIGHT(F51,5)="Total",O51,0) -> 0 | B51: =RIGHT(F51,5) -> SILIA | C51: =CONCATENATE(D51,RIGHT(F51,5)) -> PoolSILIA | D51: Pool | E51: 42 | F51: BRASILIA | G51: Etanol Anidro | I51: =IF(RIGHT(F51,5)="Total",VLOOKUP(F51,'BD Cap Venda ALE'!$D:$K,4,0),SUMIFS('BD Cap Venda ALE'!G:G,'BD Cap Venda ALE'!E:E,'Capacidade ALE'!G51,'BD Cap Venda ALE'!C:C,'Capacidade ALE'!E51)) -> 462.1995 | K51: =IF(RIGHT(F51,5)="Total",VLOOKUP(F51,'Recebimento Rodo - ALE'!$I:$P,8,0),SUMIFS('Recebimento Rodo - ALE'!P:P,'Recebimento Rodo - ALE'!I:I,'Capacidade ALE'!F51,'Recebimento Rodo - ALE'!K:K,'Capacidade ALE'!G51)) -> 618.2715 | L51: =IF(RIGHT(F51,5)="Total",VLOOKUP(F51,'BD Cap Venda ALE'!$D:$K,5,0),SUMIFS('BD Cap Venda ALE'!H:H,'BD Cap Venda ALE'!E:E,'Capacidade ALE'!G51,'BD Cap Venda ALE'!C:C,'Capacidade ALE'!E51)) -> 3697.596 | O51: =IF(RIGHT(F51,5)="Total",VLOOKUP(F51,'BD Cap Venda ALE'!$D:$K,8,0),SUMIFS('BD Cap Venda ALE'!K:K,'BD Cap Venda ALE'!E:E,'Capacidade ALE'!G51,'BD Cap Venda ALE'!C:C,'Capacidade ALE'!E51)) -> 0 | P51: =IF(RIGHT(F51,5)="Total",VLOOKUP(F51,'Expedição Rodo - ALE'!$A:$H,8,0),"") | T51: =IFERROR(SUMIFS('BD Cap Venda ALE'!M:M,'BD Cap Venda ALE'!E:E,'Capacidade ALE'!G51,'BD Cap Venda ALE'!C:C,'Capacidade ALE'!E51),0) -> 354.15 | U51: =IFERROR(SUMIFS('BD Cap Venda ALE'!N:N,'BD Cap Venda ALE'!E:E,'Capacidade ALE'!G51,'BD Cap Venda ALE'!C:C,'Capacidade ALE'!E51),0) -> 295.8525
A52: =IF(RIGHT(F52,5)="Total",O52,0) -> 0 | B52: =RIGHT(F52,5) -> SILIA | C52: =CONCATENATE(D52,RIGHT(F52,5)) -> PoolSILIA | D52: Pool | E52: 42 | F52: BRASILIA | G52: Etanol Hidratado | I52: =IF(RIGHT(F52,5)="Total",VLOOKUP(F52,'BD Cap Venda ALE'!$D:$K,4,0),SUMIFS('BD Cap Venda ALE'!G:G,'BD Cap Venda ALE'!E:E,'Capacidade ALE'!G52,'BD Cap Venda ALE'!C:C,'Capacidade ALE'!E52)) -> 462.951 | K52: =IF(RIGHT(F52,5)="Total",VLOOKUP(F52,'Recebimento Rodo - ALE'!$I:$P,8,0),SUMIFS('Recebimento Rodo - ALE'!P:P,'Recebimento Rodo - ALE'!I:I,'Capacidade ALE'!F52,'Recebimento Rodo - ALE'!K:K,'Capacidade ALE'!G52)) -> 618.2715 | L52: =IF(RIGHT(F52,5)="Total",VLOOKUP(F52,'BD Cap Venda ALE'!$D:$K,5,0),SUMIFS('BD Cap Venda ALE'!H:H,'BD Cap Venda ALE'!E:E,'Capacidade ALE'!G52,'BD Cap Venda ALE'!C:C,'Capacidade ALE'!E52)) -> 3703.608 | N52: Álcool | O52: =IF(RIGHT(F52,5)="Total",VLOOKUP(F52,'BD Cap Venda ALE'!$D:$K,8,0),SUMIFS('BD Cap Venda ALE'!K:K,'BD Cap Venda ALE'!E:E,'Capacidade ALE'!G52,'BD Cap Venda ALE'!C:C,'Capacidade ALE'!E52)) -> 3703.608 | P52: =IF(RIGHT(F52,5)="Total",VLOOKUP(F52,'Expedição Rodo - ALE'!$A:$H,8,0),"") | S52: Álcool | T52: =IFERROR(SUMIFS('BD Cap Venda ALE'!M:M,'BD Cap Venda ALE'!E:E,'Capacidade ALE'!G52,'BD Cap Venda ALE'!C:C,'Capacidade ALE'!E52),0) -> 367.33333 | U52: =IFERROR(SUMIFS('BD Cap Venda ALE'!N:N,'BD Cap Venda ALE'!E:E,'Capacidade ALE'!G52,'BD Cap Venda ALE'!C:C,'Capacidade ALE'!E52),0) -> 198.58333
A53: =IF(RIGHT(F53,5)="Total",O53,0) -> 0 | B53: =RIGHT(F53,5) -> SILIA | C53: =CONCATENATE(D53,RIGHT(F53,5)) -> PoolSILIA | D53: Pool | E53: 42 | F53: BRASILIA | G53: Gasolina A | I53: =IF(RIGHT(F53,5)="Total",VLOOKUP(F53,'BD Cap Venda ALE'!$D:$K,4,0),SUMIFS('BD Cap Venda ALE'!G:G,'BD Cap Venda ALE'!E:E,'Capacidade ALE'!G53,'BD Cap Venda ALE'!C:C,'Capacidade ALE'!E53)) -> 693.65137 | K53: =IF(RIGHT(F53,5)="Total",VLOOKUP(F53,'Recebimento Rodo - ALE'!$I:$P,8,0),SUMIFS('Recebimento Rodo - ALE'!P:P,'Recebimento Rodo - ALE'!I:I,'Capacidade ALE'!F53,'Recebimento Rodo - ALE'!K:K,'Capacidade ALE'!G53)) -> 1236.543 | L53: =IF(RIGHT(F53,5)="Total",VLOOKUP(F53,'BD Cap Venda ALE'!$D:$K,5,0),SUMIFS('BD Cap Venda ALE'!H:H,'BD Cap Venda ALE'!E:E,'Capacidade ALE'!G53,'BD Cap Venda ALE'!C:C,'Capacidade ALE'!E53)) -> 8323.8165 | N53: Gasolina C | O53: =IF(RIGHT(F53,5)="Total",VLOOKUP(F53,'BD Cap Venda ALE'!$D:$K,8,0),SUMIFS('BD Cap Venda ALE'!K:K,'BD Cap Venda ALE'!E:E,'Capacidade ALE'!G53,'BD Cap Venda ALE'!C:C,'Capacidade ALE'!E53)) -> 11402.488 | P53: =IF(RIGHT(F53,5)="Total",VLOOKUP(F53,'Expedição Rodo - ALE'!$A:$H,8,0),"") | S53: Gasolina C | T53: =IFERROR(SUMIFS('BD Cap Venda ALE'!M:M,'BD Cap Venda ALE'!E:E,'Capacidade ALE'!G53,'BD Cap Venda ALE'!C:C,'Capacidade ALE'!E53),0) -> 957.51667 | U53: =IFERROR(SUMIFS('BD Cap Venda ALE'!N:N,'BD Cap Venda ALE'!E:E,'Capacidade ALE'!G53,'BD Cap Venda ALE'!C:C,'Capacidade ALE'!E53),0) -> 799.8975
A54: =IF(RIGHT(F54,5)="Total",O54,0) -> 20512.8 | B54: =RIGHT(F54,5) -> Total | C54: =CONCATENATE(D54,RIGHT(F54,5)) -> PoolTotal | D54: Pool | E54: 42 | F54: BRASILIA Total | I54: =IF(RIGHT(F54,5)="Total",VLOOKUP(F54,'BD Cap Venda ALE'!$D:$K,4,0),SUMIFS('BD Cap Venda ALE'!G:G,'BD Cap Venda ALE'!E:E,'Capacidade ALE'!G54,'BD Cap Venda ALE'!C:C,'Capacidade ALE'!E54)) -> 3367.2663 | K54: =IF(RIGHT(F54,5)="Total",VLOOKUP(F54,'Recebimento Rodo - ALE'!$I:$P,8,0),SUMIFS('Recebimento Rodo - ALE'!P:P,'Recebimento Rodo - ALE'!I:I,'Capacidade ALE'!F54,'Recebimento Rodo - ALE'!K:K,'Capacidade ALE'!G54)) -> 4493.5506 | L54: =IF(RIGHT(F54,5)="Total",VLOOKUP(F54,'BD Cap Venda ALE'!$D:$K,5,0),SUMIFS('BD Cap Venda ALE'!H:H,'BD Cap Venda ALE'!E:E,'Capacidade ALE'!G54,'BD Cap Venda ALE'!C:C,'Capacidade ALE'!E54)) -> 30717.623 | O54: =IF(RIGHT(F54,5)="Total",VLOOKUP(F54,'BD Cap Venda ALE'!$D:$K,8,0),SUMIFS('BD Cap Venda ALE'!K:K,'BD Cap Venda ALE'!E:E,'Capacidade ALE'!G54,'BD Cap Venda ALE'!C:C,'Capacidade ALE'!E54)) -> 20512.8 | P54: =IF(RIGHT(F54,5)="Total",VLOOKUP(F54,'Expedição Rodo - ALE'!$A:$H,8,0),"") -> 7788 | T54: =IFERROR(SUMIFS('BD Cap Venda ALE'!M:M,'BD Cap Venda ALE'!E:E,'Capacidade ALE'!G54,'BD Cap Venda ALE'!C:C,'Capacidade ALE'!E54),0) -> 0 | U54: =IFERROR(SUMIFS('BD Cap Venda ALE'!N:N,'BD Cap Venda ALE'!E:E,'Capacidade ALE'!G54,'BD Cap Venda ALE'!C:C,'Capacidade ALE'!E54),0) -> 0
A55: =IF(RIGHT(F55,5)="Total",O55,0) -> 0 | B55: =RIGHT(F55,5) -> EDELO | C55: =CONCATENATE(D55,RIGHT(F55,5)) -> TerceirosEDELO | D55: Terceiros | E55: 27 | F55: CABEDELO | G55: B100 | I55: =IF(RIGHT(F55,5)="Total",VLOOKUP(F55,'BD Cap Venda ALE'!$D:$K,4,0),SUMIFS('BD Cap Venda ALE'!G:G,'BD Cap Venda ALE'!E:E,'Capacidade ALE'!G55,'BD Cap Venda ALE'!C:C,'Capacidade ALE'!E55)) -> 70 | K55: =IF(RIGHT(F55,5)="Total",VLOOKUP(F55,'Recebimento Rodo - ALE'!$I:$P,8,0),SUMIFS('Recebimento Rodo - ALE'!P:P,'Recebimento Rodo - ALE'!I:I,'Capacidade ALE'!F55,'Recebimento Rodo - ALE'!K:K,'Capacidade ALE'!G55)) -> 254.16667 | L55: =IF(RIGHT(F55,5)="Total",VLOOKUP(F55,'BD Cap Venda ALE'!$D:$K,5,0),SUMIFS('BD Cap Venda ALE'!H:H,'BD Cap Venda ALE'!E:E,'Capacidade ALE'!G55,'BD Cap Venda ALE'!C:C,'Capacidade ALE'!E55)) -> 240 | O55: =IF(RIGHT(F55,5)="Total",VLOOKUP(F55,'BD Cap Venda ALE'!$D:$K,8,0),SUMIFS('BD Cap Venda ALE'!K:K,'BD Cap Venda ALE'!E:E,'Capacidade ALE'!G55,'BD Cap Venda ALE'!C:C,'Capacidade ALE'!E55)) -> 0 | P55: =IF(RIGHT(F55,5)="Total",VLOOKUP(F55,'Expedição Rodo - ALE'!$A:$H,8,0),"") | Q55: =IF(P61<O61,"capacidade de expedição rodoviária abaixo da capacidade de venda mensal, prevalece a capacidade de venda mensal em virtude do terminal ter a obrigatoriedade de garantia do giro dos espaços contratados em linha com a logística da filial.","") | T55: =IFERROR(SUMIFS('BD Cap Venda ALE'!M:M,'BD Cap Venda ALE'!E:E,'Capacidade ALE'!G55,'BD Cap Venda ALE'!C:C,'Capacidade ALE'!E55),0) -> 129.25 | U55: =IFERROR(SUMIFS('BD Cap Venda ALE'!N:N,'BD Cap Venda ALE'!E:E,'Capacidade ALE'!G55,'BD Cap Venda ALE'!C:C,'Capacidade ALE'!E55),0) -> 131.80833
A56: =IF(RIGHT(F56,5)="Total",O56,0) -> 0 | B56: =RIGHT(F56,5) -> EDELO | C56: =CONCATENATE(D56,RIGHT(F56,5)) -> TerceirosEDELO | D56: Terceiros | E56: 27 | F56: CABEDELO | G56: Diesel A S10 | I56: =IF(RIGHT(F56,5)="Total",VLOOKUP(F56,'BD Cap Venda ALE'!$D:$K,4,0),SUMIFS('BD Cap Venda ALE'!G:G,'BD Cap Venda ALE'!E:E,'Capacidade ALE'!G56,'BD Cap Venda ALE'!C:C,'Capacidade ALE'!E56)) -> 150 | K56: =IF(RIGHT(F56,5)="Total",VLOOKUP(F56,'Recebimento Rodo - ALE'!$I:$P,8,0),SUMIFS('Recebimento Rodo - ALE'!P:P,'Recebimento Rodo - ALE'!I:I,'Capacidade ALE'!F56,'Recebimento Rodo - ALE'!K:K,'Capacidade ALE'!G56)) -> 1270.8333 | L56: =IF(RIGHT(F56,5)="Total",VLOOKUP(F56,'BD Cap Venda ALE'!$D:$K,5,0),SUMIFS('BD Cap Venda ALE'!H:H,'BD Cap Venda ALE'!E:E,'Capacidade ALE'!G56,'BD Cap Venda ALE'!C:C,'Capacidade ALE'!E56)) -> 1200 | N56: Diesel B S10 | O56: =IF(RIGHT(F56,5)="Total",VLOOKUP(F56,'BD Cap Venda ALE'!$D:$K,8,0),SUMIFS('BD Cap Venda ALE'!K:K,'BD Cap Venda ALE'!E:E,'Capacidade ALE'!G56,'BD Cap Venda ALE'!C:C,'Capacidade ALE'!E56)) -> 928.57143 | P56: =IF(RIGHT(F56,5)="Total",VLOOKUP(F56,'Expedição Rodo - ALE'!$A:$H,8,0),"") | S56: Diesel B S10 | T56: =IFERROR(SUMIFS('BD Cap Venda ALE'!M:M,'BD Cap Venda ALE'!E:E,'Capacidade ALE'!G56,'BD Cap Venda ALE'!C:C,'Capacidade ALE'!E56),0) -> 655.65 | U56: =IFERROR(SUMIFS('BD Cap Venda ALE'!N:N,'BD Cap Venda ALE'!E:E,'Capacidade ALE'!G56,'BD Cap Venda ALE'!C:C,'Capacidade ALE'!E56),0) -> 627.825
A57: =IF(RIGHT(F57,5)="Total",O57,0) -> 0 | B57: =RIGHT(F57,5) -> EDELO | C57: =CONCATENATE(D57,RIGHT(F57,5)) -> TerceirosEDELO | D57: Terceiros | E57: 27 | F57: CABEDELO | G57: Diesel A S500 | I57: =IF(RIGHT(F57,5)="Total",VLOOKUP(F57,'BD Cap Venda ALE'!$D:$K,4,0),SUMIFS('BD Cap Venda ALE'!G:G,'BD Cap Venda ALE'!E:E,'Capacidade ALE'!G57,'BD Cap Venda ALE'!C:C,'Capacidade ALE'!E57)) -> 750 | K57: =IF(RIGHT(F57,5)="Total",VLOOKUP(F57,'Recebimento Rodo - ALE'!$I:$P,8,0),SUMIFS('Recebimento Rodo - ALE'!P:P,'Recebimento Rodo - ALE'!I:I,'Capacidade ALE'!F57,'Recebimento Rodo - ALE'!K:K,'Capacidade ALE'!G57)) -> 0 | L57: =IF(RIGHT(F57,5)="Total",VLOOKUP(F57,'BD Cap Venda ALE'!$D:$K,5,0),SUMIFS('BD Cap Venda ALE'!H:H,'BD Cap Venda ALE'!E:E,'Capacidade ALE'!G57,'BD Cap Venda ALE'!C:C,'Capacidade ALE'!E57)) -> 1384.6154 | N57: Diesel B S500 | O57: =IF(RIGHT(F57,5)="Total",VLOOKUP(F57,'BD Cap Venda ALE'!$D:$K,8,0),SUMIFS('BD Cap Venda ALE'!K:K,'BD Cap Venda ALE'!E:E,'Capacidade ALE'!G57,'BD Cap Venda ALE'!C:C,'Capacidade ALE'!E57)) -> 1071.4286 | P57: =P61 -> 11336 | S57: Diesel B S500 | T57: =IFERROR(SUMIFS('BD Cap Venda ALE'!M:M,'BD Cap Venda ALE'!E:E,'Capacidade ALE'!G57,'BD Cap Venda ALE'!C:C,'Capacidade ALE'!E57),0) -> 507.6 | U57: =IFERROR(SUMIFS('BD Cap Venda ALE'!N:N,'BD Cap Venda ALE'!E:E,'Capacidade ALE'!G57,'BD Cap Venda ALE'!C:C,'Capacidade ALE'!E57),0) -> 558.45
A58: =IF(RIGHT(F58,5)="Total",O58,0) -> 0 | B58: =RIGHT(F58,5) -> EDELO | C58: =CONCATENATE(D58,RIGHT(F58,5)) -> TerceirosEDELO | D58: Terceiros | E58: 27 | F58: CABEDELO | G58: Etanol Anidro | I58: =IF(RIGHT(F58,5)="Total",VLOOKUP(F58,'BD Cap Venda ALE'!$D:$K,4,0),SUMIFS('BD Cap Venda ALE'!G:G,'BD Cap Venda ALE'!E:E,'Capacidade ALE'!G58,'BD Cap Venda ALE'!C:C,'Capacidade ALE'!E58)) -> 135 | K58: =IF(RIGHT(F58,5)="Total",VLOOKUP(F58,'Recebimento Rodo - ALE'!$I:$P,8,0),SUMIFS('Recebimento Rodo - ALE'!P:P,'Recebimento Rodo - ALE'!I:I,'Capacidade ALE'!F58,'Recebimento Rodo - ALE'!K:K,'Capacidade ALE'!G58)) -> 1143.75 | L58: =IF(RIGHT(F58,5)="Total",VLOOKUP(F58,'BD Cap Venda ALE'!$D:$K,5,0),SUMIFS('BD Cap Venda ALE'!H:H,'BD Cap Venda ALE'!E:E,'Capacidade ALE'!G58,'BD Cap Venda ALE'!C:C,'Capacidade ALE'!E58)) -> 1080 | O58: =IF(RIGHT(F58,5)="Total",VLOOKUP(F58,'BD Cap Venda ALE'!$D:$K,8,0),SUMIFS('BD Cap Venda ALE'!K:K,'BD Cap Venda ALE'!E:E,'Capacidade ALE'!G58,'BD Cap Venda ALE'!C:C,'Capacidade ALE'!E58)) -> 0 | P58: =IF(RIGHT(F58,5)="Total",VLOOKUP(F58,'Expedição Rodo - ALE'!$A:$H,8,0),"") | T58: =IFERROR(SUMIFS('BD Cap Venda ALE'!M:M,'BD Cap Venda ALE'!E:E,'Capacidade ALE'!G58,'BD Cap Venda ALE'!C:C,'Capacidade ALE'!E58),0) -> 758.025 | U58: =IFERROR(SUMIFS('BD Cap Venda ALE'!N:N,'BD Cap Venda ALE'!E:E,'Capacidade ALE'!G58,'BD Cap Venda ALE'!C:C,'Capacidade ALE'!E58),0) -> 709.8075
A59: =IF(RIGHT(F59,5)="Total",O59,0) -> 0 | B59: =RIGHT(F59,5) -> EDELO | C59: =CONCATENATE(D59,RIGHT(F59,5)) -> TerceirosEDELO | D59: Terceiros | E59: 27 | F59: CABEDELO | G59: Etanol Hidratado | I59: =IF(RIGHT(F59,5)="Total",VLOOKUP(F59,'BD Cap Venda ALE'!$D:$K,4,0),SUMIFS('BD Cap Venda ALE'!G:G,'BD Cap Venda ALE'!E:E,'Capacidade ALE'!G59,'BD Cap Venda ALE'!C:C,'Capacidade ALE'!E59)) -> 70 | K59: =IF(RIGHT(F59,5)="Total",VLOOKUP(F59,'Recebimento Rodo - ALE'!$I:$P,8,0),SUMIFS('Recebimento Rodo - ALE'!P:P,'Recebimento Rodo - ALE'!I:I,'Capacidade ALE'!F59,'Recebimento Rodo - ALE'!K:K,'Capacidade ALE'!G59)) -> 593.05556 | L59: =IF(RIGHT(F59,5)="Total",VLOOKUP(F59,'BD Cap Venda ALE'!$D:$K,5,0),SUMIFS('BD Cap Venda ALE'!H:H,'BD Cap Venda ALE'!E:E,'Capacidade ALE'!G59,'BD Cap Venda ALE'!C:C,'Capacidade ALE'!E59)) -> 560 | N59: Álcool | O59: =IF(RIGHT(F59,5)="Total",VLOOKUP(F59,'BD Cap Venda ALE'!$D:$K,8,0),SUMIFS('BD Cap Venda ALE'!K:K,'BD Cap Venda ALE'!E:E,'Capacidade ALE'!G59,'BD Cap Venda ALE'!C:C,'Capacidade ALE'!E59)) -> 560 | P59: =IF(RIGHT(F59,5)="Total",VLOOKUP(F59,'Expedição Rodo - ALE'!$A:$H,8,0),"") | S59: Álcool | T59: =IFERROR(SUMIFS('BD Cap Venda ALE'!M:M,'BD Cap Venda ALE'!E:E,'Capacidade ALE'!G59,'BD Cap Venda ALE'!C:C,'Capacidade ALE'!E59),0) -> 539.33333 | U59: =IFERROR(SUMIFS('BD Cap Venda ALE'!N:N,'BD Cap Venda ALE'!E:E,'Capacidade ALE'!G59,'BD Cap Venda ALE'!C:C,'Capacidade ALE'!E59),0) -> 405.41667
A60: =IF(RIGHT(F60,5)="Total",O60,0) -> 0 | B60: =RIGHT(F60,5) -> EDELO | C60: =CONCATENATE(D60,RIGHT(F60,5)) -> TerceirosEDELO | D60: Terceiros | E60: 27 | F60: CABEDELO | G60: Gasolina A | I60: =IF(RIGHT(F60,5)="Total",VLOOKUP(F60,'BD Cap Venda ALE'!$D:$K,4,0),SUMIFS('BD Cap Venda ALE'!G:G,'BD Cap Venda ALE'!E:E,'Capacidade ALE'!G60,'BD Cap Venda ALE'!C:C,'Capacidade ALE'!E60)) -> 1750 | K60: =IF(RIGHT(F60,5)="Total",VLOOKUP(F60,'Recebimento Rodo - ALE'!$I:$P,8,0),SUMIFS('Recebimento Rodo - ALE'!P:P,'Recebimento Rodo - ALE'!I:I,'Capacidade ALE'!F60,'Recebimento Rodo - ALE'!K:K,'Capacidade ALE'!G60)) -> 1026.4423 | L60: =IF(RIGHT(F60,5)="Total",VLOOKUP(F60,'BD Cap Venda ALE'!$D:$K,5,0),SUMIFS('BD Cap Venda ALE'!H:H,'BD Cap Venda ALE'!E:E,'Capacidade ALE'!G60,'BD Cap Venda ALE'!C:C,'Capacidade ALE'!E60)) -> 3230.7692 | N60: Gasolina C | O60: =IF(RIGHT(F60,5)="Total",VLOOKUP(F60,'BD Cap Venda ALE'!$D:$K,8,0),SUMIFS('BD Cap Venda ALE'!K:K,'BD Cap Venda ALE'!E:E,'Capacidade ALE'!G60,'BD Cap Venda ALE'!C:C,'Capacidade ALE'!E60)) -> 4000 | P60: =IF(RIGHT(F60,5)="Total",VLOOKUP(F60,'Expedição Rodo - ALE'!$A:$H,8,0),"") | S60: Gasolina C | T60: =IFERROR(SUMIFS('BD Cap Venda ALE'!M:M,'BD Cap Venda ALE'!E:E,'Capacidade ALE'!G60,'BD Cap Venda ALE'!C:C,'Capacidade ALE'!E60),0) -> 2049.475 | U60: =IFERROR(SUMIFS('BD Cap Venda ALE'!N:N,'BD Cap Venda ALE'!E:E,'Capacidade ALE'!G60,'BD Cap Venda ALE'!C:C,'Capacidade ALE'!E60),0) -> 1919.1092
A61: =IF(RIGHT(F61,5)="Total",O61,0) -> 6560 | B61: =RIGHT(F61,5) -> Total | C61: =CONCATENATE(D61,RIGHT(F61,5)) -> TerceirosTotal | D61: Terceiros | E61: 27 | F61: CABEDELO Total | I61: =IF(RIGHT(F61,5)="Total",VLOOKUP(F61,'BD Cap Venda ALE'!$D:$K,4,0),SUMIFS('BD Cap Venda ALE'!G:G,'BD Cap Venda ALE'!E:E,'Capacidade ALE'!G61,'BD Cap Venda ALE'!C:C,'Capacidade ALE'!E61)) -> 2925 | K61: =IF(RIGHT(F61,5)="Total",VLOOKUP(F61,'Recebimento Rodo - ALE'!$I:$P,8,0),SUMIFS('Recebimento Rodo - ALE'!P:P,'Recebimento Rodo - ALE'!I:I,'Capacidade ALE'!F61,'Recebimento Rodo - ALE'!K:K,'Capacidade ALE'!G61)) -> 4288.2479 | L61: =IF(RIGHT(F61,5)="Total",VLOOKUP(F61,'BD Cap Venda ALE'!$D:$K,5,0),SUMIFS('BD Cap Venda ALE'!H:H,'BD Cap Venda ALE'!E:E,'Capacidade ALE'!G61,'BD Cap Venda ALE'!C:C,'Capacidade ALE'!E61)) -> 7695.3846 | O61: =IF(RIGHT(F61,5)="Total",VLOOKUP(F61,'BD Cap Venda ALE'!$D:$K,8,0),SUMIFS('BD Cap Venda ALE'!K:K,'BD Cap Venda ALE'!E:E,'Capacidade ALE'!G61,'BD Cap Venda ALE'!C:C,'Capacidade ALE'!E61)) -> 6560 | P61: =IF(RIGHT(F61,5)="Total",VLOOKUP(F61,'Expedição Rodo - ALE'!$A:$H,8,0),"") -> 11336 | T61: =IFERROR(SUMIFS('BD Cap Venda ALE'!M:M,'BD Cap Venda ALE'!E:E,'Capacidade ALE'!G61,'BD Cap Venda ALE'!C:C,'Capacidade ALE'!E61),0) -> 0 | U61: =IFERROR(SUMIFS('BD Cap Venda ALE'!N:N,'BD Cap Venda ALE'!E:E,'Capacidade ALE'!G61,'BD Cap Venda ALE'!C:C,'Capacidade ALE'!E61),0) -> 0
A62: =IF(RIGHT(F62,5)="Total",O62,0) -> 0 | B62: =RIGHT(F62,5) -> ANOAS | C62: =CONCATENATE(D62,RIGHT(F62,5)) -> TerceirosANOAS | D62: Terceiros | E62: 52 | F62: CANOAS | G62: B100 | I62: =IF(RIGHT(F62,5)="Total",VLOOKUP(F62,'BD Cap Venda ALE'!$D:$K,4,0),SUMIFS('BD Cap Venda ALE'!G:G,'BD Cap Venda ALE'!E:E,'Capacidade ALE'!G62,'BD Cap Venda ALE'!C:C,'Capacidade ALE'!E62)) -> 120 | K62: =IF(RIGHT(F62,5)="Total",VLOOKUP(F62,'Recebimento Rodo - ALE'!$I:$P,8,0),SUMIFS('Recebimento Rodo - ALE'!P:P,'Recebimento Rodo - ALE'!I:I,'Capacidade ALE'!F62,'Recebimento Rodo - ALE'!K:K,'Capacidade ALE'!G62)) -> 1525 | L62: =IF(RIGHT(F62,5)="Total",VLOOKUP(F62,'BD Cap Venda ALE'!$D:$K,5,0),SUMIFS('BD Cap Venda ALE'!H:H,'BD Cap Venda ALE'!E:E,'Capacidade ALE'!G62,'BD Cap Venda ALE'!C:C,'Capacidade ALE'!E62)) -> 1440 | O62: =IF(RIGHT(F62,5)="Total",VLOOKUP(F62,'BD Cap Venda ALE'!$D:$K,8,0),SUMIFS('BD Cap Venda ALE'!K:K,'BD Cap Venda ALE'!E:E,'Capacidade ALE'!G62,'BD Cap Venda ALE'!C:C,'Capacidade ALE'!E62)) -> 0 | P62: =IF(RIGHT(F62,5)="Total",VLOOKUP(F62,'Expedição Rodo - ALE'!$A:$H,8,0),"") | Q62: =IF(P68<O68,"capacidade de expedição rodoviária abaixo da capacidade de venda mensal, prevalece a capacidade de venda mensal em virtude do terminal ter a obrigatoriedade de garantia do giro dos espaços contratados em linha com a logística da filial.","") -> capacidade de expedição rodoviária abaixo da capacidade de venda mensal, prevalece a capacidade de venda mensal em virtude do terminal ter a obrigatoriedade de garantia do giro dos espaços contratados em linha com a logística da filial. | T62: =IFERROR(SUMIFS('BD Cap Venda ALE'!M:M,'BD Cap Venda ALE'!E:E,'Capacidade ALE'!G62,'BD Cap Venda ALE'!C:C,'Capacidade ALE'!E62),0) -> 201.21667 | U62: =IFERROR(SUMIFS('BD Cap Venda ALE'!N:N,'BD Cap Venda ALE'!E:E,'Capacidade ALE'!G62,'BD Cap Venda ALE'!C:C,'Capacidade ALE'!E62),0) -> 204.75
A63: =IF(RIGHT(F63,5)="Total",O63,0) -> 0 | B63: =RIGHT(F63,5) -> ANOAS | C63: =CONCATENATE(D63,RIGHT(F63,5)) -> TerceirosANOAS | D63: Terceiros | E63: 52 | F63: CANOAS | G63: Diesel A S10 | I63: =IF(RIGHT(F63,5)="Total",VLOOKUP(F63,'BD Cap Venda ALE'!$D:$K,4,0),SUMIFS('BD Cap Venda ALE'!G:G,'BD Cap Venda ALE'!E:E,'Capacidade ALE'!G63,'BD Cap Venda ALE'!C:C,'Capacidade ALE'!E63)) -> 155 | K63: =IF(RIGHT(F63,5)="Total",VLOOKUP(F63,'Recebimento Rodo - ALE'!$I:$P,8,0),SUMIFS('Recebimento Rodo - ALE'!P:P,'Recebimento Rodo - ALE'!I:I,'Capacidade ALE'!F63,'Recebimento Rodo - ALE'!K:K,'Capacidade ALE'!G63)) -> 1181.875 | L63: =IF(RIGHT(F63,5)="Total",VLOOKUP(F63,'BD Cap Venda ALE'!$D:$K,5,0),SUMIFS('BD Cap Venda ALE'!H:H,'BD Cap Venda ALE'!E:E,'Capacidade ALE'!G63,'BD Cap Venda ALE'!C:C,'Capacidade ALE'!E63)) -> 3720 | N63: Diesel B S10 | O63: =IF(RIGHT(F63,5)="Total",VLOOKUP(F63,'BD Cap Venda ALE'!$D:$K,8,0),SUMIFS('BD Cap Venda ALE'!K:K,'BD Cap Venda ALE'!E:E,'Capacidade ALE'!G63,'BD Cap Venda ALE'!C:C,'Capacidade ALE'!E63)) -> 3660.3617 | P63: =IF(RIGHT(F63,5)="Total",VLOOKUP(F63,'Expedição Rodo - ALE'!$A:$H,8,0),"") | S63: Diesel B S10 | T63: =IFERROR(SUMIFS('BD Cap Venda ALE'!M:M,'BD Cap Venda ALE'!E:E,'Capacidade ALE'!G63,'BD Cap Venda ALE'!C:C,'Capacidade ALE'!E63),0) -> 2042.9167 | U63: =IFERROR(SUMIFS('BD Cap Venda ALE'!N:N,'BD Cap Venda ALE'!E:E,'Capacidade ALE'!G63,'BD Cap Venda ALE'!C:C,'Capacidade ALE'!E63),0) -> 2499.7333
A64: =IF(RIGHT(F64,5)="Total",O64,0) -> 0 | B64: =RIGHT(F64,5) -> ANOAS | C64: =CONCATENATE(D64,RIGHT(F64,5)) -> TerceirosANOAS | D64: Terceiros | E64: 52 | F64: CANOAS | G64: Diesel A S500 | I64: =IF(RIGHT(F64,5)="Total",VLOOKUP(F64,'BD Cap Venda ALE'!$D:$K,4,0),SUMIFS('BD Cap Venda ALE'!G:G,'BD Cap Venda ALE'!E:E,'Capacidade ALE'!G64,'BD Cap Venda ALE'!C:C,'Capacidade ALE'!E64)) -> 345 | K64: =IF(RIGHT(F64,5)="Total",VLOOKUP(F64,'Recebimento Rodo - ALE'!$I:$P,8,0),SUMIFS('Recebimento Rodo - ALE'!P:P,'Recebimento Rodo - ALE'!I:I,'Capacidade ALE'!F64,'Recebimento Rodo - ALE'!K:K,'Capacidade ALE'!G64)) -> 2630.625 | L64: =IF(RIGHT(F64,5)="Total",VLOOKUP(F64,'BD Cap Venda ALE'!$D:$K,5,0),SUMIFS('BD Cap Venda ALE'!H:H,'BD Cap Venda ALE'!E:E,'Capacidade ALE'!G64,'BD Cap Venda ALE'!C:C,'Capacidade ALE'!E64)) -> 8280 | N64: Diesel B S500 | O64: =IF(RIGHT(F64,5)="Total",VLOOKUP(F64,'BD Cap Venda ALE'!$D:$K,8,0),SUMIFS('BD Cap Venda ALE'!K:K,'BD Cap Venda ALE'!E:E,'Capacidade ALE'!G64,'BD Cap Venda ALE'!C:C,'Capacidade ALE'!E64)) -> 8339.6383 | P64: =P68 -> 16992 | S64: Diesel B S500 | T64: =IFERROR(SUMIFS('BD Cap Venda ALE'!M:M,'BD Cap Venda ALE'!E:E,'Capacidade ALE'!G64,'BD Cap Venda ALE'!C:C,'Capacidade ALE'!E64),0) -> 1726.2 | U64: =IFERROR(SUMIFS('BD Cap Venda ALE'!N:N,'BD Cap Venda ALE'!E:E,'Capacidade ALE'!G64,'BD Cap Venda ALE'!C:C,'Capacidade ALE'!E64),0) -> 1852.1833
A65: =IF(RIGHT(F65,5)="Total",O65,0) -> 0 | B65: =RIGHT(F65,5) -> ANOAS | C65: =CONCATENATE(D65,RIGHT(F65,5)) -> TerceirosANOAS | D65: Terceiros | E65: 52 | F65: CANOAS | G65: Etanol Anidro | I65: =IF(RIGHT(F65,5)="Total",VLOOKUP(F65,'BD Cap Venda ALE'!$D:$K,4,0),SUMIFS('BD Cap Venda ALE'!G:G,'BD Cap Venda ALE'!E:E,'Capacidade ALE'!G65,'BD Cap Venda ALE'!C:C,'Capacidade ALE'!E65)) -> 250 | K65: =IF(RIGHT(F65,5)="Total",VLOOKUP(F65,'Recebimento Rodo - ALE'!$I:$P,8,0),SUMIFS('Recebimento Rodo - ALE'!P:P,'Recebimento Rodo - ALE'!I:I,'Capacidade ALE'!F65,'Recebimento Rodo - ALE'!K:K,'Capacidade ALE'!G65)) -> 1270.8333 | L65: =IF(RIGHT(F65,5)="Total",VLOOKUP(F65,'BD Cap Venda ALE'!$D:$K,5,0),SUMIFS('BD Cap Venda ALE'!H:H,'BD Cap Venda ALE'!E:E,'Capacidade ALE'!G65,'BD Cap Venda ALE'!C:C,'Capacidade ALE'!E65)) -> 1200 | O65: =IF(RIGHT(F65,5)="Total",VLOOKUP(F65,'BD Cap Venda ALE'!$D:$K,8,0),SUMIFS('BD Cap Venda ALE'!K:K,'BD Cap Venda ALE'!E:E,'Capacidade ALE'!G65,'BD Cap Venda ALE'!C:C,'Capacidade ALE'!E65)) -> 0 | P65: =IF(RIGHT(F65,5)="Total",VLOOKUP(F65,'Expedição Rodo - ALE'!$A:$H,8,0),"") | T65: =IFERROR(SUMIFS('BD Cap Venda ALE'!M:M,'BD Cap Venda ALE'!E:E,'Capacidade ALE'!G65,'BD Cap Venda ALE'!C:C,'Capacidade ALE'!E65),0) -> 1267.605 | U65: =IFERROR(SUMIFS('BD Cap Venda ALE'!N:N,'BD Cap Venda ALE'!E:E,'Capacidade ALE'!G65,'BD Cap Venda ALE'!C:C,'Capacidade ALE'!E65),0) -> 1095.72
A66: =IF(RIGHT(F66,5)="Total",O66,0) -> 0 | B66: =RIGHT(F66,5) -> ANOAS | C66: =CONCATENATE(D66,RIGHT(F66,5)) -> TerceirosANOAS | D66: Terceiros | E66: 52 | F66: CANOAS | G66: Etanol Hidratado | I66: =IF(RIGHT(F66,5)="Total",VLOOKUP(F66,'BD Cap Venda ALE'!$D:$K,4,0),SUMIFS('BD Cap Venda ALE'!G:G,'BD Cap Venda ALE'!E:E,'Capacidade ALE'!G66,'BD Cap Venda ALE'!C:C,'Capacidade ALE'!E66)) -> 120 | K66: =IF(RIGHT(F66,5)="Total",VLOOKUP(F66,'Recebimento Rodo - ALE'!$I:$P,8,0),SUMIFS('Recebimento Rodo - ALE'!P:P,'Recebimento Rodo - ALE'!I:I,'Capacidade ALE'!F66,'Recebimento Rodo - ALE'!K:K,'Capacidade ALE'!G66)) -> 610 | L66: =IF(RIGHT(F66,5)="Total",VLOOKUP(F66,'BD Cap Venda ALE'!$D:$K,5,0),SUMIFS('BD Cap Venda ALE'!H:H,'BD Cap Venda ALE'!E:E,'Capacidade ALE'!G66,'BD Cap Venda ALE'!C:C,'Capacidade ALE'!E66)) -> 576 | N66: Álcool | O66: =IF(RIGHT(F66,5)="Total",VLOOKUP(F66,'BD Cap Venda ALE'!$D:$K,8,0),SUMIFS('BD Cap Venda ALE'!K:K,'BD Cap Venda ALE'!E:E,'Capacidade ALE'!G66,'BD Cap Venda ALE'!C:C,'Capacidade ALE'!E66)) -> 576 | P66: =IF(RIGHT(F66,5)="Total",VLOOKUP(F66,'Expedição Rodo - ALE'!$A:$H,8,0),"") | S66: Álcool | T66: =IFERROR(SUMIFS('BD Cap Venda ALE'!M:M,'BD Cap Venda ALE'!E:E,'Capacidade ALE'!G66,'BD Cap Venda ALE'!C:C,'Capacidade ALE'!E66),0) -> 75.166667 | U66: =IFERROR(SUMIFS('BD Cap Venda ALE'!N:N,'BD Cap Venda ALE'!E:E,'Capacidade ALE'!G66,'BD Cap Venda ALE'!C:C,'Capacidade ALE'!E66),0) -> 65.833333
A67: =IF(RIGHT(F67,5)="Total",O67,0) -> 0 | B67: =RIGHT(F67,5) -> ANOAS | C67: =CONCATENATE(D67,RIGHT(F67,5)) -> TerceirosANOAS | D67: Terceiros | E67: 52 | F67: CANOAS | G67: Gasolina A | I67: =IF(RIGHT(F67,5)="Total",VLOOKUP(F67,'BD Cap Venda ALE'!$D:$K,4,0),SUMIFS('BD Cap Venda ALE'!G:G,'BD Cap Venda ALE'!E:E,'Capacidade ALE'!G67,'BD Cap Venda ALE'!C:C,'Capacidade ALE'!E67)) -> 545 | K67: =IF(RIGHT(F67,5)="Total",VLOOKUP(F67,'Recebimento Rodo - ALE'!$I:$P,8,0),SUMIFS('Recebimento Rodo - ALE'!P:P,'Recebimento Rodo - ALE'!I:I,'Capacidade ALE'!F67,'Recebimento Rodo - ALE'!K:K,'Capacidade ALE'!G67)) -> 4155.625 | L67: =IF(RIGHT(F67,5)="Total",VLOOKUP(F67,'BD Cap Venda ALE'!$D:$K,5,0),SUMIFS('BD Cap Venda ALE'!H:H,'BD Cap Venda ALE'!E:E,'Capacidade ALE'!G67,'BD Cap Venda ALE'!C:C,'Capacidade ALE'!E67)) -> 13080 | N67: Gasolina C | O67: =IF(RIGHT(F67,5)="Total",VLOOKUP(F67,'BD Cap Venda ALE'!$D:$K,8,0),SUMIFS('BD Cap Venda ALE'!K:K,'BD Cap Venda ALE'!E:E,'Capacidade ALE'!G67,'BD Cap Venda ALE'!C:C,'Capacidade ALE'!E67)) -> 4444.4444 | P67: =IF(RIGHT(F67,5)="Total",VLOOKUP(F67,'Expedição Rodo - ALE'!$A:$H,8,0),"") | S67: Gasolina C | T67: =IFERROR(SUMIFS('BD Cap Venda ALE'!M:M,'BD Cap Venda ALE'!E:E,'Capacidade ALE'!G67,'BD Cap Venda ALE'!C:C,'Capacidade ALE'!E67),0) -> 5559.5617 | U67: =IFERROR(SUMIFS('BD Cap Venda ALE'!N:N,'BD Cap Venda ALE'!E:E,'Capacidade ALE'!G67,'BD Cap Venda ALE'!C:C,'Capacidade ALE'!E67),0) -> 5147.6967
A68: =IF(RIGHT(F68,5)="Total",O68,0) -> 17020.444 | B68: =RIGHT(F68,5) -> Total | C68: =CONCATENATE(D68,RIGHT(F68,5)) -> TerceirosTotal | D68: Terceiros | E68: 52 | F68: CANOAS Total | I68: =IF(RIGHT(F68,5)="Total",VLOOKUP(F68,'BD Cap Venda ALE'!$D:$K,4,0),SUMIFS('BD Cap Venda ALE'!G:G,'BD Cap Venda ALE'!E:E,'Capacidade ALE'!G68,'BD Cap Venda ALE'!C:C,'Capacidade ALE'!E68)) -> 1535 | K68: =IF(RIGHT(F68,5)="Total",VLOOKUP(F68,'Recebimento Rodo - ALE'!$I:$P,8,0),SUMIFS('Recebimento Rodo - ALE'!P:P,'Recebimento Rodo - ALE'!I:I,'Capacidade ALE'!F68,'Recebimento Rodo - ALE'!K:K,'Capacidade ALE'!G68)) -> 11373.958 | L68: =IF(RIGHT(F68,5)="Total",VLOOKUP(F68,'BD Cap Venda ALE'!$D:$K,5,0),SUMIFS('BD Cap Venda ALE'!H:H,'BD Cap Venda ALE'!E:E,'Capacidade ALE'!G68,'BD Cap Venda ALE'!C:C,'Capacidade ALE'!E68)) -> 28296 | O68: =IF(RIGHT(F68,5)="Total",VLOOKUP(F68,'BD Cap Venda ALE'!$D:$K,8,0),SUMIFS('BD Cap Venda ALE'!K:K,'BD Cap Venda ALE'!E:E,'Capacidade ALE'!G68,'BD Cap Venda ALE'!C:C,'Capacidade ALE'!E68)) -> 17020.444 | P68: =IF(RIGHT(F68,5)="Total",VLOOKUP(F68,'Expedição Rodo - ALE'!$A:$H,8,0),"") -> 16992 | T68: =IFERROR(SUMIFS('BD Cap Venda ALE'!M:M,'BD Cap Venda ALE'!E:E,'Capacidade ALE'!G68,'BD Cap Venda ALE'!C:C,'Capacidade ALE'!E68),0) -> 0 | U68: =IFERROR(SUMIFS('BD Cap Venda ALE'!N:N,'BD Cap Venda ALE'!E:E,'Capacidade ALE'!G68,'BD Cap Venda ALE'!C:C,'Capacidade ALE'!E68),0) -> 0
A69: =IF(RIGHT(F69,5)="Total",O69,0) -> 0 | B69: =RIGHT(F69,5) -> CRATO | C69: =CONCATENATE(D69,RIGHT(F69,5)) -> TerceirosCRATO | D69: Terceiros | E69: 31 | F69: CRATO | G69: B100 | I69: =IF(RIGHT(F69,5)="Total",VLOOKUP(F69,'BD Cap Venda ALE'!$D:$K,4,0),SUMIFS('BD Cap Venda ALE'!G:G,'BD Cap Venda ALE'!E:E,'Capacidade ALE'!G69,'BD Cap Venda ALE'!C:C,'Capacidade ALE'!E69)) -> 60 | K69: =IF(RIGHT(F69,5)="Total",VLOOKUP(F69,'Recebimento Rodo - ALE'!$I:$P,8,0),SUMIFS('Recebimento Rodo - ALE'!P:P,'Recebimento Rodo - ALE'!I:I,'Capacidade ALE'!F69,'Recebimento Rodo - ALE'!K:K,'Capacidade ALE'!G69)) -> 190.625 | L69: =IF(RIGHT(F69,5)="Total",VLOOKUP(F69,'BD Cap Venda ALE'!$D:$K,5,0),SUMIFS('BD Cap Venda ALE'!H:H,'BD Cap Venda ALE'!E:E,'Capacidade ALE'!G69,'BD Cap Venda ALE'!C:C,'Capacidade ALE'!E69)) -> 180 | O69: =IF(RIGHT(F69,5)="Total",VLOOKUP(F69,'BD Cap Venda ALE'!$D:$K,8,0),SUMIFS('BD Cap Venda ALE'!K:K,'BD Cap Venda ALE'!E:E,'Capacidade ALE'!G69,'BD Cap Venda ALE'!C:C,'Capacidade ALE'!E69)) -> 0 | P69: =IF(RIGHT(F69,5)="Total",VLOOKUP(F69,'Expedição Rodo - ALE'!$A:$H,8,0),"") | Q69: =IF(P75<O75,"capacidade de expedição rodoviária abaixo da capacidade de venda mensal, prevalece a capacidade de venda mensal em virtude do terminal ter a obrigatoriedade de garantia do giro dos espaços contratados em linha com a logística da filial.","") | T69: =IFERROR(SUMIFS('BD Cap Venda ALE'!M:M,'BD Cap Venda ALE'!E:E,'Capacidade ALE'!G69,'BD Cap Venda ALE'!C:C,'Capacidade ALE'!E69),0) -> 21.833333 | U69: =IFERROR(SUMIFS('BD Cap Venda ALE'!N:N,'BD Cap Venda ALE'!E:E,'Capacidade ALE'!G69,'BD Cap Venda ALE'!C:C,'Capacidade ALE'!E69),0) -> 24.275
A70: =IF(RIGHT(F70,5)="Total",O70,0) -> 0 | B70: =RIGHT(F70,5) -> CRATO | C70: =CONCATENATE(D70,RIGHT(F70,5)) -> TerceirosCRATO | D70: Terceiros | E70: 31 | F70: CRATO | G70: Diesel A S10 | I70: =IF(RIGHT(F70,5)="Total",VLOOKUP(F70,'BD Cap Venda ALE'!$D:$K,4,0),SUMIFS('BD Cap Venda ALE'!G:G,'BD Cap Venda ALE'!E:E,'Capacidade ALE'!G70,'BD Cap Venda ALE'!C:C,'Capacidade ALE'!E70)) -> 0 | K70: =IF(RIGHT(F70,5)="Total",VLOOKUP(F70,'Recebimento Rodo - ALE'!$I:$P,8,0),SUMIFS('Recebimento Rodo - ALE'!P:P,'Recebimento Rodo - ALE'!I:I,'Capacidade ALE'!F70,'Recebimento Rodo - ALE'!K:K,'Capacidade ALE'!G70)) -> 0 | L70: =IF(RIGHT(F70,5)="Total",VLOOKUP(F70,'BD Cap Venda ALE'!$D:$K,5,0),SUMIFS('BD Cap Venda ALE'!H:H,'BD Cap Venda ALE'!E:E,'Capacidade ALE'!G70,'BD Cap Venda ALE'!C:C,'Capacidade ALE'!E70)) -> 0 | N70: Diesel B S10 | O70: =IF(RIGHT(F70,5)="Total",VLOOKUP(F70,'BD Cap Venda ALE'!$D:$K,8,0),SUMIFS('BD Cap Venda ALE'!K:K,'BD Cap Venda ALE'!E:E,'Capacidade ALE'!G70,'BD Cap Venda ALE'!C:C,'Capacidade ALE'!E70)) -> 0 | P70: =IF(RIGHT(F70,5)="Total",VLOOKUP(F70,'Expedição Rodo - ALE'!$A:$H,8,0),"") | S70: Diesel B S10 | T70: =IFERROR(SUMIFS('BD Cap Venda ALE'!M:M,'BD Cap Venda ALE'!E:E,'Capacidade ALE'!G70,'BD Cap Venda ALE'!C:C,'Capacidade ALE'!E70),0) -> 0 | U70: =IFERROR(SUMIFS('BD Cap Venda ALE'!N:N,'BD Cap Venda ALE'!E:E,'Capacidade ALE'!G70,'BD Cap Venda ALE'!C:C,'Capacidade ALE'!E70),0) -> 0
A71: =IF(RIGHT(F71,5)="Total",O71,0) -> 0 | B71: =RIGHT(F71,5) -> CRATO | C71: =CONCATENATE(D71,RIGHT(F71,5)) -> TerceirosCRATO | D71: Terceiros | E71: 31 | F71: CRATO | G71: Diesel A S500 | I71: =IF(RIGHT(F71,5)="Total",VLOOKUP(F71,'BD Cap Venda ALE'!$D:$K,4,0),SUMIFS('BD Cap Venda ALE'!G:G,'BD Cap Venda ALE'!E:E,'Capacidade ALE'!G71,'BD Cap Venda ALE'!C:C,'Capacidade ALE'!E71)) -> 150 | K71: =IF(RIGHT(F71,5)="Total",VLOOKUP(F71,'Recebimento Rodo - ALE'!$I:$P,8,0),SUMIFS('Recebimento Rodo - ALE'!P:P,'Recebimento Rodo - ALE'!I:I,'Capacidade ALE'!F71,'Recebimento Rodo - ALE'!K:K,'Capacidade ALE'!G71)) -> 1270.8333 | L71: =IF(RIGHT(F71,5)="Total",VLOOKUP(F71,'BD Cap Venda ALE'!$D:$K,5,0),SUMIFS('BD Cap Venda ALE'!H:H,'BD Cap Venda ALE'!E:E,'Capacidade ALE'!G71,'BD Cap Venda ALE'!C:C,'Capacidade ALE'!E71)) -> 1200 | N71: Diesel B S500 | O71: =IF(RIGHT(F71,5)="Total",VLOOKUP(F71,'BD Cap Venda ALE'!$D:$K,8,0),SUMIFS('BD Cap Venda ALE'!K:K,'BD Cap Venda ALE'!E:E,'Capacidade ALE'!G71,'BD Cap Venda ALE'!C:C,'Capacidade ALE'!E71)) -> 1363.6364 | P71: =P75 -> 3590.4 | S71: Diesel B S500 | T71: =IFERROR(SUMIFS('BD Cap Venda ALE'!M:M,'BD Cap Venda ALE'!E:E,'Capacidade ALE'!G71,'BD Cap Venda ALE'!C:C,'Capacidade ALE'!E71),0) -> 196.5 | U71: =IFERROR(SUMIFS('BD Cap Venda ALE'!N:N,'BD Cap Venda ALE'!E:E,'Capacidade ALE'!G71,'BD Cap Venda ALE'!C:C,'Capacidade ALE'!E71),0) -> 218.475
A72: =IF(RIGHT(F72,5)="Total",O72,0) -> 0 | B72: =RIGHT(F72,5) -> CRATO | C72: =CONCATENATE(D72,RIGHT(F72,5)) -> TerceirosCRATO | D72: Terceiros | E72: 31 | F72: CRATO | G72: Etanol Anidro | I72: =IF(RIGHT(F72,5)="Total",VLOOKUP(F72,'BD Cap Venda ALE'!$D:$K,4,0),SUMIFS('BD Cap Venda ALE'!G:G,'BD Cap Venda ALE'!E:E,'Capacidade ALE'!G72,'BD Cap Venda ALE'!C:C,'Capacidade ALE'!E72)) -> 60 | K72: =IF(RIGHT(F72,5)="Total",VLOOKUP(F72,'Recebimento Rodo - ALE'!$I:$P,8,0),SUMIFS('Recebimento Rodo - ALE'!P:P,'Recebimento Rodo - ALE'!I:I,'Capacidade ALE'!F72,'Recebimento Rodo - ALE'!K:K,'Capacidade ALE'!G72)) -> 381.25 | L72: =IF(RIGHT(F72,5)="Total",VLOOKUP(F72,'BD Cap Venda ALE'!$D:$K,5,0),SUMIFS('BD Cap Venda ALE'!H:H,'BD Cap Venda ALE'!E:E,'Capacidade ALE'!G72,'BD Cap Venda ALE'!C:C,'Capacidade ALE'!E72)) -> 360 | O72: =IF(RIGHT(F72,5)="Total",VLOOKUP(F72,'BD Cap Venda ALE'!$D:$K,8,0),SUMIFS('BD Cap Venda ALE'!K:K,'BD Cap Venda ALE'!E:E,'Capacidade ALE'!G72,'BD Cap Venda ALE'!C:C,'Capacidade ALE'!E72)) -> 0 | P72: =IF(RIGHT(F72,5)="Total",VLOOKUP(F72,'Expedição Rodo - ALE'!$A:$H,8,0),"") | T72: =IFERROR(SUMIFS('BD Cap Venda ALE'!M:M,'BD Cap Venda ALE'!E:E,'Capacidade ALE'!G72,'BD Cap Venda ALE'!C:C,'Capacidade ALE'!E72),0) -> 375.705 | U72: =IFERROR(SUMIFS('BD Cap Venda ALE'!N:N,'BD Cap Venda ALE'!E:E,'Capacidade ALE'!G72,'BD Cap Venda ALE'!C:C,'Capacidade ALE'!E72),0) -> 324.3825
A73: =IF(RIGHT(F73,5)="Total",O73,0) -> 0 | B73: =RIGHT(F73,5) -> CRATO | C73: =CONCATENATE(D73,RIGHT(F73,5)) -> TerceirosCRATO | D73: Terceiros | E73: 31 | F73: CRATO | G73: Etanol Hidratado | I73: =IF(RIGHT(F73,5)="Total",VLOOKUP(F73,'BD Cap Venda ALE'!$D:$K,4,0),SUMIFS('BD Cap Venda ALE'!G:G,'BD Cap Venda ALE'!E:E,'Capacidade ALE'!G73,'BD Cap Venda ALE'!C:C,'Capacidade ALE'!E73)) -> 60 | K73: =IF(RIGHT(F73,5)="Total",VLOOKUP(F73,'Recebimento Rodo - ALE'!$I:$P,8,0),SUMIFS('Recebimento Rodo - ALE'!P:P,'Recebimento Rodo - ALE'!I:I,'Capacidade ALE'!F73,'Recebimento Rodo - ALE'!K:K,'Capacidade ALE'!G73)) -> 381.25 | L73: =IF(RIGHT(F73,5)="Total",VLOOKUP(F73,'BD Cap Venda ALE'!$D:$K,5,0),SUMIFS('BD Cap Venda ALE'!H:H,'BD Cap Venda ALE'!E:E,'Capacidade ALE'!G73,'BD Cap Venda ALE'!C:C,'Capacidade ALE'!E73)) -> 360 | N73: Álcool | O73: =IF(RIGHT(F73,5)="Total",VLOOKUP(F73,'BD Cap Venda ALE'!$D:$K,8,0),SUMIFS('BD Cap Venda ALE'!K:K,'BD Cap Venda ALE'!E:E,'Capacidade ALE'!G73,'BD Cap Venda ALE'!C:C,'Capacidade ALE'!E73)) -> 360 | P73: =IF(RIGHT(F73,5)="Total",VLOOKUP(F73,'Expedição Rodo - ALE'!$A:$H,8,0),"") | S73: Álcool | T73: =IFERROR(SUMIFS('BD Cap Venda ALE'!M:M,'BD Cap Venda ALE'!E:E,'Capacidade ALE'!G73,'BD Cap Venda ALE'!C:C,'Capacidade ALE'!E73),0) -> 18.5 | U73: =IFERROR(SUMIFS('BD Cap Venda ALE'!N:N,'BD Cap Venda ALE'!E:E,'Capacidade ALE'!G73,'BD Cap Venda ALE'!C:C,'Capacidade ALE'!E73),0) -> 24.333333
A74: =IF(RIGHT(F74,5)="Total",O74,0) -> 0 | B74: =RIGHT(F74,5) -> CRATO | C74: =CONCATENATE(D74,RIGHT(F74,5)) -> TerceirosCRATO | D74: Terceiros | E74: 31 | F74: CRATO | G74: Gasolina A | I74: =IF(RIGHT(F74,5)="Total",VLOOKUP(F74,'BD Cap Venda ALE'!$D:$K,4,0),SUMIFS('BD Cap Venda ALE'!G:G,'BD Cap Venda ALE'!E:E,'Capacidade ALE'!G74,'BD Cap Venda ALE'!C:C,'Capacidade ALE'!E74)) -> 100 | K74: =IF(RIGHT(F74,5)="Total",VLOOKUP(F74,'Recebimento Rodo - ALE'!$I:$P,8,0),SUMIFS('Recebimento Rodo - ALE'!P:P,'Recebimento Rodo - ALE'!I:I,'Capacidade ALE'!F74,'Recebimento Rodo - ALE'!K:K,'Capacidade ALE'!G74)) -> 847.22222 | L74: =IF(RIGHT(F74,5)="Total",VLOOKUP(F74,'BD Cap Venda ALE'!$D:$K,5,0),SUMIFS('BD Cap Venda ALE'!H:H,'BD Cap Venda ALE'!E:E,'Capacidade ALE'!G74,'BD Cap Venda ALE'!C:C,'Capacidade ALE'!E74)) -> 800 | N74: Gasolina C | O74: =IF(RIGHT(F74,5)="Total",VLOOKUP(F74,'BD Cap Venda ALE'!$D:$K,8,0),SUMIFS('BD Cap Venda ALE'!K:K,'BD Cap Venda ALE'!E:E,'Capacidade ALE'!G74,'BD Cap Venda ALE'!C:C,'Capacidade ALE'!E74)) -> 1095.8904 | P74: =IF(RIGHT(F74,5)="Total",VLOOKUP(F74,'Expedição Rodo - ALE'!$A:$H,8,0),"") | S74: Gasolina C | T74: =IFERROR(SUMIFS('BD Cap Venda ALE'!M:M,'BD Cap Venda ALE'!E:E,'Capacidade ALE'!G74,'BD Cap Venda ALE'!C:C,'Capacidade ALE'!E74),0) -> 1015.795 | U74: =IFERROR(SUMIFS('BD Cap Venda ALE'!N:N,'BD Cap Venda ALE'!E:E,'Capacidade ALE'!G74,'BD Cap Venda ALE'!C:C,'Capacidade ALE'!E74),0) -> 877.03417
A75: =IF(RIGHT(F75,5)="Total",O75,0) -> 2819.5268 | B75: =RIGHT(F75,5) -> Total | C75: =CONCATENATE(D75,RIGHT(F75,5)) -> TerceirosTotal | D75: Terceiros | E75: 31 | F75: CRATO Total | I75: =IF(RIGHT(F75,5)="Total",VLOOKUP(F75,'BD Cap Venda ALE'!$D:$K,4,0),SUMIFS('BD Cap Venda ALE'!G:G,'BD Cap Venda ALE'!E:E,'Capacidade ALE'!G75,'BD Cap Venda ALE'!C:C,'Capacidade ALE'!E75)) -> 430 | K75: =IF(RIGHT(F75,5)="Total",VLOOKUP(F75,'Recebimento Rodo - ALE'!$I:$P,8,0),SUMIFS('Recebimento Rodo - ALE'!P:P,'Recebimento Rodo - ALE'!I:I,'Capacidade ALE'!F75,'Recebimento Rodo - ALE'!K:K,'Capacidade ALE'!G75)) -> 3071.1806 | L75: =IF(RIGHT(F75,5)="Total",VLOOKUP(F75,'BD Cap Venda ALE'!$D:$K,5,0),SUMIFS('BD Cap Venda ALE'!H:H,'BD Cap Venda ALE'!E:E,'Capacidade ALE'!G75,'BD Cap Venda ALE'!C:C,'Capacidade ALE'!E75)) -> 2900 | O75: =IF(RIGHT(F75,5)="Total",VLOOKUP(F75,'BD Cap Venda ALE'!$D:$K,8,0),SUMIFS('BD Cap Venda ALE'!K:K,'BD Cap Venda ALE'!E:E,'Capacidade ALE'!G75,'BD Cap Venda ALE'!C:C,'Capacidade ALE'!E75)) -> 2819.5268 | P75: =IF(RIGHT(F75,5)="Total",VLOOKUP(F75,'Expedição Rodo - ALE'!$A:$H,8,0),"") -> 3590.4 | T75: =IFERROR(SUMIFS('BD Cap Venda ALE'!M:M,'BD Cap Venda ALE'!E:E,'Capacidade ALE'!G75,'BD Cap Venda ALE'!C:C,'Capacidade ALE'!E75),0) -> 0 | U75: =IFERROR(SUMIFS('BD Cap Venda ALE'!N:N,'BD Cap Venda ALE'!E:E,'Capacidade ALE'!G75,'BD Cap Venda ALE'!C:C,'Capacidade ALE'!E75),0) -> 0
A76: =IF(RIGHT(F76,5)="Total",O76,0) -> 0 | B76: =RIGHT(F76,5) -> BATAO | C76: =CONCATENATE(D76,RIGHT(F76,5)) -> TerceirosBATAO | D76: Terceiros | E76: 21 | F76: CUBATAO | G76: B100 | I76: =IF(RIGHT(F76,5)="Total",VLOOKUP(F76,'BD Cap Venda ALE'!$D:$K,4,0),SUMIFS('BD Cap Venda ALE'!G:G,'BD Cap Venda ALE'!E:E,'Capacidade ALE'!G76,'BD Cap Venda ALE'!C:C,'Capacidade ALE'!E76)) -> 60 | K76: =IF(RIGHT(F76,5)="Total",VLOOKUP(F76,'Recebimento Rodo - ALE'!$I:$P,8,0),SUMIFS('Recebimento Rodo - ALE'!P:P,'Recebimento Rodo - ALE'!I:I,'Capacidade ALE'!F76,'Recebimento Rodo - ALE'!K:K,'Capacidade ALE'!G76)) -> 919.46135 | L76: =IF(RIGHT(F76,5)="Total",VLOOKUP(F76,'BD Cap Venda ALE'!$D:$K,5,0),SUMIFS('BD Cap Venda ALE'!H:H,'BD Cap Venda ALE'!E:E,'Capacidade ALE'!G76,'BD Cap Venda ALE'!C:C,'Capacidade ALE'!E76)) -> 480 | O76: =IF(RIGHT(F76,5)="Total",VLOOKUP(F76,'BD Cap Venda ALE'!$D:$K,8,0),SUMIFS('BD Cap Venda ALE'!K:K,'BD Cap Venda ALE'!E:E,'Capacidade ALE'!G76,'BD Cap Venda ALE'!C:C,'Capacidade ALE'!E76)) -> 0 | P76: =IF(RIGHT(F76,5)="Total",VLOOKUP(F76,'Expedição Rodo - ALE'!$A:$H,8,0),"") | Q76: =IF(P82<O82,"capacidade de expedição rodoviária abaixo da capacidade de venda mensal, prevalece a capacidade de venda mensal em virtude do terminal ter a obrigatoriedade de garantia do giro dos espaços contratados em linha com a logística da filial.","") -> capacidade de expedição rodoviária abaixo da capacidade de venda mensal, prevalece a capacidade de venda mensal em virtude do terminal ter a obrigatoriedade de garantia do giro dos espaços contratados em linha com a logística da filial. | T76: =IFERROR(SUMIFS('BD Cap Venda ALE'!M:M,'BD Cap Venda ALE'!E:E,'Capacidade ALE'!G76,'BD Cap Venda ALE'!C:C,'Capacidade ALE'!E76),0) -> 106.78333 | U76: =IFERROR(SUMIFS('BD Cap Venda ALE'!N:N,'BD Cap Venda ALE'!E:E,'Capacidade ALE'!G76,'BD Cap Venda ALE'!C:C,'Capacidade ALE'!E76),0) -> 117.425
A77: =IF(RIGHT(F77,5)="Total",O77,0) -> 0 | B77: =RIGHT(F77,5) -> BATAO | C77: =CONCATENATE(D77,RIGHT(F77,5)) -> TerceirosBATAO | D77: Terceiros | E77: 21 | F77: CUBATAO | G77: Diesel A S10 | I77: =IF(RIGHT(F77,5)="Total",VLOOKUP(F77,'BD Cap Venda ALE'!$D:$K,4,0),SUMIFS('BD Cap Venda ALE'!G:G,'BD Cap Venda ALE'!E:E,'Capacidade ALE'!G77,'BD Cap Venda ALE'!C:C,'Capacidade ALE'!E77)) -> 100 | K77: =IF(RIGHT(F77,5)="Total",VLOOKUP(F77,'Recebimento Rodo - ALE'!$I:$P,8,0),SUMIFS('Recebimento Rodo - ALE'!P:P,'Recebimento Rodo - ALE'!I:I,'Capacidade ALE'!F77,'Recebimento Rodo - ALE'!K:K,'Capacidade ALE'!G77)) -> 919.46135 | L77: =IF(RIGHT(F77,5)="Total",VLOOKUP(F77,'BD Cap Venda ALE'!$D:$K,5,0),SUMIFS('BD Cap Venda ALE'!H:H,'BD Cap Venda ALE'!E:E,'Capacidade ALE'!G77,'BD Cap Venda ALE'!C:C,'Capacidade ALE'!E77)) -> 1200 | N77: Diesel B S10 | O77: =IF(RIGHT(F77,5)="Total",VLOOKUP(F77,'BD Cap Venda ALE'!$D:$K,8,0),SUMIFS('BD Cap Venda ALE'!K:K,'BD Cap Venda ALE'!E:E,'Capacidade ALE'!G77,'BD Cap Venda ALE'!C:C,'Capacidade ALE'!E77)) -> 980.39216 | P77: =IF(RIGHT(F77,5)="Total",VLOOKUP(F77,'Expedição Rodo - ALE'!$A:$H,8,0),"") | S77: Diesel B S10 | T77: =IFERROR(SUMIFS('BD Cap Venda ALE'!M:M,'BD Cap Venda ALE'!E:E,'Capacidade ALE'!G77,'BD Cap Venda ALE'!C:C,'Capacidade ALE'!E77),0) -> 803.4 | U77: =IFERROR(SUMIFS('BD Cap Venda ALE'!N:N,'BD Cap Venda ALE'!E:E,'Capacidade ALE'!G77,'BD Cap Venda ALE'!C:C,'Capacidade ALE'!E77),0) -> 890.175
A78: =IF(RIGHT(F78,5)="Total",O78,0) -> 0 | B78: =RIGHT(F78,5) -> BATAO | C78: =CONCATENATE(D78,RIGHT(F78,5)) -> TerceirosBATAO | D78: Terceiros | E78: 21 | F78: CUBATAO | G78: Diesel A S500 | I78: =IF(RIGHT(F78,5)="Total",VLOOKUP(F78,'BD Cap Venda ALE'!$D:$K,4,0),SUMIFS('BD Cap Venda ALE'!G:G,'BD Cap Venda ALE'!E:E,'Capacidade ALE'!G78,'BD Cap Venda ALE'!C:C,'Capacidade ALE'!E78)) -> 154 | K78: =IF(RIGHT(F78,5)="Total",VLOOKUP(F78,'Recebimento Rodo - ALE'!$I:$P,8,0),SUMIFS('Recebimento Rodo - ALE'!P:P,'Recebimento Rodo - ALE'!I:I,'Capacidade ALE'!F78,'Recebimento Rodo - ALE'!K:K,'Capacidade ALE'!G78)) -> 919.46135 | L78: =IF(RIGHT(F78,5)="Total",VLOOKUP(F78,'BD Cap Venda ALE'!$D:$K,5,0),SUMIFS('BD Cap Venda ALE'!H:H,'BD Cap Venda ALE'!E:E,'Capacidade ALE'!G78,'BD Cap Venda ALE'!C:C,'Capacidade ALE'!E78)) -> 3696 | N78: Diesel B S500 | O78: =IF(RIGHT(F78,5)="Total",VLOOKUP(F78,'BD Cap Venda ALE'!$D:$K,8,0),SUMIFS('BD Cap Venda ALE'!K:K,'BD Cap Venda ALE'!E:E,'Capacidade ALE'!G78,'BD Cap Venda ALE'!C:C,'Capacidade ALE'!E78)) -> 3019.6078 | P78: =P82 -> 4554 | S78: Diesel B S500 | T78: =IFERROR(SUMIFS('BD Cap Venda ALE'!M:M,'BD Cap Venda ALE'!E:E,'Capacidade ALE'!G78,'BD Cap Venda ALE'!C:C,'Capacidade ALE'!E78),0) -> 157.65 | U78: =IFERROR(SUMIFS('BD Cap Venda ALE'!N:N,'BD Cap Venda ALE'!E:E,'Capacidade ALE'!G78,'BD Cap Venda ALE'!C:C,'Capacidade ALE'!E78),0) -> 166.65
A79: =IF(RIGHT(F79,5)="Total",O79,0) -> 0 | B79: =RIGHT(F79,5) -> BATAO | C79: =CONCATENATE(D79,RIGHT(F79,5)) -> TerceirosBATAO | D79: Terceiros | E79: 21 | F79: CUBATAO | G79: Etanol Anidro | I79: =IF(RIGHT(F79,5)="Total",VLOOKUP(F79,'BD Cap Venda ALE'!$D:$K,4,0),SUMIFS('BD Cap Venda ALE'!G:G,'BD Cap Venda ALE'!E:E,'Capacidade ALE'!G79,'BD Cap Venda ALE'!C:C,'Capacidade ALE'!E79)) -> 60 | K79: =IF(RIGHT(F79,5)="Total",VLOOKUP(F79,'Recebimento Rodo - ALE'!$I:$P,8,0),SUMIFS('Recebimento Rodo - ALE'!P:P,'Recebimento Rodo - ALE'!I:I,'Capacidade ALE'!F79,'Recebimento Rodo - ALE'!K:K,'Capacidade ALE'!G79)) -> 919.46135 | L79: =IF(RIGHT(F79,5)="Total",VLOOKUP(F79,'BD Cap Venda ALE'!$D:$K,5,0),SUMIFS('BD Cap Venda ALE'!H:H,'BD Cap Venda ALE'!E:E,'Capacidade ALE'!G79,'BD Cap Venda ALE'!C:C,'Capacidade ALE'!E79)) -> 720 | O79: =IF(RIGHT(F79,5)="Total",VLOOKUP(F79,'BD Cap Venda ALE'!$D:$K,8,0),SUMIFS('BD Cap Venda ALE'!K:K,'BD Cap Venda ALE'!E:E,'Capacidade ALE'!G79,'BD Cap Venda ALE'!C:C,'Capacidade ALE'!E79)) -> 0 | P79: =IF(RIGHT(F79,5)="Total",VLOOKUP(F79,'Expedição Rodo - ALE'!$A:$H,8,0),"") | T79: =IFERROR(SUMIFS('BD Cap Venda ALE'!M:M,'BD Cap Venda ALE'!E:E,'Capacidade ALE'!G79,'BD Cap Venda ALE'!C:C,'Capacidade ALE'!E79),0) -> 487.305 | U79: =IFERROR(SUMIFS('BD Cap Venda ALE'!N:N,'BD Cap Venda ALE'!E:E,'Capacidade ALE'!G79,'BD Cap Venda ALE'!C:C,'Capacidade ALE'!E79),0) -> 458.2125
A80: =IF(RIGHT(F80,5)="Total",O80,0) -> 0 | B80: =RIGHT(F80,5) -> BATAO | C80: =CONCATENATE(D80,RIGHT(F80,5)) -> TerceirosBATAO | D80: Terceiros | E80: 21 | F80: CUBATAO | G80: Etanol Hidratado | I80: =IF(RIGHT(F80,5)="Total",VLOOKUP(F80,'BD Cap Venda ALE'!$D:$K,4,0),SUMIFS('BD Cap Venda ALE'!G:G,'BD Cap Venda ALE'!E:E,'Capacidade ALE'!G80,'BD Cap Venda ALE'!C:C,'Capacidade ALE'!E80)) -> 60 | K80: =IF(RIGHT(F80,5)="Total",VLOOKUP(F80,'Recebimento Rodo - ALE'!$I:$P,8,0),SUMIFS('Recebimento Rodo - ALE'!P:P,'Recebimento Rodo - ALE'!I:I,'Capacidade ALE'!F80,'Recebimento Rodo - ALE'!K:K,'Capacidade ALE'!G80)) -> 919.46135 | L80: =IF(RIGHT(F80,5)="Total",VLOOKUP(F80,'BD Cap Venda ALE'!$D:$K,5,0),SUMIFS('BD Cap Venda ALE'!H:H,'BD Cap Venda ALE'!E:E,'Capacidade ALE'!G80,'BD Cap Venda ALE'!C:C,'Capacidade ALE'!E80)) -> 720 | N80: Álcool | O80: =IF(RIGHT(F80,5)="Total",VLOOKUP(F80,'BD Cap Venda ALE'!$D:$K,8,0),SUMIFS('BD Cap Venda ALE'!K:K,'BD Cap Venda ALE'!E:E,'Capacidade ALE'!G80,'BD Cap Venda ALE'!C:C,'Capacidade ALE'!E80)) -> 720 | P80: =IF(RIGHT(F80,5)="Total",VLOOKUP(F80,'Expedição Rodo - ALE'!$A:$H,8,0),"") | S80: Álcool | T80: =IFERROR(SUMIFS('BD Cap Venda ALE'!M:M,'BD Cap Venda ALE'!E:E,'Capacidade ALE'!G80,'BD Cap Venda ALE'!C:C,'Capacidade ALE'!E80),0) -> 515.66667 | U80: =IFERROR(SUMIFS('BD Cap Venda ALE'!N:N,'BD Cap Venda ALE'!E:E,'Capacidade ALE'!G80,'BD Cap Venda ALE'!C:C,'Capacidade ALE'!E80),0) -> 454.16667
A81: =IF(RIGHT(F81,5)="Total",O81,0) -> 0 | B81: =RIGHT(F81,5) -> BATAO | C81: =CONCATENATE(D81,RIGHT(F81,5)) -> TerceirosBATAO | D81: Terceiros | E81: 21 | F81: CUBATAO | G81: Gasolina A | I81: =IF(RIGHT(F81,5)="Total",VLOOKUP(F81,'BD Cap Venda ALE'!$D:$K,4,0),SUMIFS('BD Cap Venda ALE'!G:G,'BD Cap Venda ALE'!E:E,'Capacidade ALE'!G81,'BD Cap Venda ALE'!C:C,'Capacidade ALE'!E81)) -> 191 | K81: =IF(RIGHT(F81,5)="Total",VLOOKUP(F81,'Recebimento Rodo - ALE'!$I:$P,8,0),SUMIFS('Recebimento Rodo - ALE'!P:P,'Recebimento Rodo - ALE'!I:I,'Capacidade ALE'!F81,'Recebimento Rodo - ALE'!K:K,'Capacidade ALE'!G81)) -> 919.46135 | L81: =IF(RIGHT(F81,5)="Total",VLOOKUP(F81,'BD Cap Venda ALE'!$D:$K,5,0),SUMIFS('BD Cap Venda ALE'!H:H,'BD Cap Venda ALE'!E:E,'Capacidade ALE'!G81,'BD Cap Venda ALE'!C:C,'Capacidade ALE'!E81)) -> 4584 | N81: Gasolina C | O81: =IF(RIGHT(F81,5)="Total",VLOOKUP(F81,'BD Cap Venda ALE'!$D:$K,8,0),SUMIFS('BD Cap Venda ALE'!K:K,'BD Cap Venda ALE'!E:E,'Capacidade ALE'!G81,'BD Cap Venda ALE'!C:C,'Capacidade ALE'!E81)) -> 2666.6667 | P81: =IF(RIGHT(F81,5)="Total",VLOOKUP(F81,'Expedição Rodo - ALE'!$A:$H,8,0),"") | S81: Gasolina C | T81: =IFERROR(SUMIFS('BD Cap Venda ALE'!M:M,'BD Cap Venda ALE'!E:E,'Capacidade ALE'!G81,'BD Cap Venda ALE'!C:C,'Capacidade ALE'!E81),0) -> 1317.5283 | U81: =IFERROR(SUMIFS('BD Cap Venda ALE'!N:N,'BD Cap Venda ALE'!E:E,'Capacidade ALE'!G81,'BD Cap Venda ALE'!C:C,'Capacidade ALE'!E81),0) -> 1238.8708
A82: =IF(RIGHT(F82,5)="Total",O82,0) -> 7386.6667 | B82: =RIGHT(F82,5) -> Total | C82: =CONCATENATE(D82,RIGHT(F82,5)) -> TerceirosTotal | D82: Terceiros | E82: 21 | F82: CUBATAO Total | I82: =IF(RIGHT(F82,5)="Total",VLOOKUP(F82,'BD Cap Venda ALE'!$D:$K,4,0),SUMIFS('BD Cap Venda ALE'!G:G,'BD Cap Venda ALE'!E:E,'Capacidade ALE'!G82,'BD Cap Venda ALE'!C:C,'Capacidade ALE'!E82)) -> 625 | K82: =IF(RIGHT(F82,5)="Total",VLOOKUP(F82,'Recebimento Rodo - ALE'!$I:$P,8,0),SUMIFS('Recebimento Rodo - ALE'!P:P,'Recebimento Rodo - ALE'!I:I,'Capacidade ALE'!F82,'Recebimento Rodo - ALE'!K:K,'Capacidade ALE'!G82)) -> 2758.3841 | L82: =IF(RIGHT(F82,5)="Total",VLOOKUP(F82,'BD Cap Venda ALE'!$D:$K,5,0),SUMIFS('BD Cap Venda ALE'!H:H,'BD Cap Venda ALE'!E:E,'Capacidade ALE'!G82,'BD Cap Venda ALE'!C:C,'Capacidade ALE'!E82)) -> 11400 | O82: =IF(RIGHT(F82,5)="Total",VLOOKUP(F82,'BD Cap Venda ALE'!$D:$K,8,0),SUMIFS('BD Cap Venda ALE'!K:K,'BD Cap Venda ALE'!E:E,'Capacidade ALE'!G82,'BD Cap Venda ALE'!C:C,'Capacidade ALE'!E82)) -> 7386.6667 | P82: =IF(RIGHT(F82,5)="Total",VLOOKUP(F82,'Expedição Rodo - ALE'!$A:$H,8,0),"") -> 4554 | T82: =IFERROR(SUMIFS('BD Cap Venda ALE'!M:M,'BD Cap Venda ALE'!E:E,'Capacidade ALE'!G82,'BD Cap Venda ALE'!C:C,'Capacidade ALE'!E82),0) -> 0 | U82: =IFERROR(SUMIFS('BD Cap Venda ALE'!N:N,'BD Cap Venda ALE'!E:E,'Capacidade ALE'!G82,'BD Cap Venda ALE'!C:C,'Capacidade ALE'!E82),0) -> 0
A83: =IF(RIGHT(F83,5)="Total",O83,0) -> 0 | B83: =RIGHT(F83,5) -> UIABA | C83: =CONCATENATE(D83,RIGHT(F83,5)) -> PoolUIABA | D83: Pool | E83: 28 | F83: CUIABA | G83: B100 | I83: =IF(RIGHT(F83,5)="Total",VLOOKUP(F83,'BD Cap Venda ALE'!$D:$K,4,0),SUMIFS('BD Cap Venda ALE'!G:G,'BD Cap Venda ALE'!E:E,'Capacidade ALE'!G83,'BD Cap Venda ALE'!C:C,'Capacidade ALE'!E83)) -> 96.33659 | K83: =IF(RIGHT(F83,5)="Total",VLOOKUP(F83,'Recebimento Rodo - ALE'!$I:$P,8,0),SUMIFS('Recebimento Rodo - ALE'!P:P,'Recebimento Rodo - ALE'!I:I,'Capacidade ALE'!F83,'Recebimento Rodo - ALE'!K:K,'Capacidade ALE'!G83)) -> 917.17503 | L83: =IF(RIGHT(F83,5)="Total",VLOOKUP(F83,'BD Cap Venda ALE'!$D:$K,5,0),SUMIFS('BD Cap Venda ALE'!H:H,'BD Cap Venda ALE'!E:E,'Capacidade ALE'!G83,'BD Cap Venda ALE'!C:C,'Capacidade ALE'!E83)) -> 1156.0391 | O83: =IF(RIGHT(F83,5)="Total",VLOOKUP(F83,'BD Cap Venda ALE'!$D:$K,8,0),SUMIFS('BD Cap Venda ALE'!K:K,'BD Cap Venda ALE'!E:E,'Capacidade ALE'!G83,'BD Cap Venda ALE'!C:C,'Capacidade ALE'!E83)) -> 0 | P83: =IF(RIGHT(F83,5)="Total",VLOOKUP(F83,'Expedição Rodo - ALE'!$A:$H,8,0),"") | Q83: =IF(O89=P89,"Capacidade mensal de venda reduzida pela capacidade de expedição rodoviária.","") | T83: =IFERROR(SUMIFS('BD Cap Venda ALE'!M:M,'BD Cap Venda ALE'!E:E,'Capacidade ALE'!G83,'BD Cap Venda ALE'!C:C,'Capacidade ALE'!E83),0) -> 0 | U83: =IFERROR(SUMIFS('BD Cap Venda ALE'!N:N,'BD Cap Venda ALE'!E:E,'Capacidade ALE'!G83,'BD Cap Venda ALE'!C:C,'Capacidade ALE'!E83),0) -> 0
A84: =IF(RIGHT(F84,5)="Total",O84,0) -> 0 | B84: =RIGHT(F84,5) -> UIABA | C84: =CONCATENATE(D84,RIGHT(F84,5)) -> PoolUIABA | D84: Pool | E84: 28 | F84: CUIABA | G84: Diesel A S10 | I84: =IF(RIGHT(F84,5)="Total",VLOOKUP(F84,'BD Cap Venda ALE'!$D:$K,4,0),SUMIFS('BD Cap Venda ALE'!G:G,'BD Cap Venda ALE'!E:E,'Capacidade ALE'!G84,'BD Cap Venda ALE'!C:C,'Capacidade ALE'!E84)) -> 50 | K84: =IF(RIGHT(F84,5)="Total",VLOOKUP(F84,'Recebimento Rodo - ALE'!$I:$P,8,0),SUMIFS('Recebimento Rodo - ALE'!P:P,'Recebimento Rodo - ALE'!I:I,'Capacidade ALE'!F84,'Recebimento Rodo - ALE'!K:K,'Capacidade ALE'!G84)) -> 895.06577 | L84: =IF(RIGHT(F84,5)="Total",VLOOKUP(F84,'BD Cap Venda ALE'!$D:$K,5,0),SUMIFS('BD Cap Venda ALE'!H:H,'BD Cap Venda ALE'!E:E,'Capacidade ALE'!G84,'BD Cap Venda ALE'!C:C,'Capacidade ALE'!E84)) -> 300 | N84: Diesel B S10 | O84: =IF(RIGHT(F84,5)="Total",VLOOKUP(F84,'BD Cap Venda ALE'!$D:$K,8,0),SUMIFS('BD Cap Venda ALE'!K:K,'BD Cap Venda ALE'!E:E,'Capacidade ALE'!G84,'BD Cap Venda ALE'!C:C,'Capacidade ALE'!E84)) -> 340.90909 | P84: =IF(RIGHT(F84,5)="Total",VLOOKUP(F84,'Expedição Rodo - ALE'!$A:$H,8,0),"") | S84: Diesel B S10 | T84: =IFERROR(SUMIFS('BD Cap Venda ALE'!M:M,'BD Cap Venda ALE'!E:E,'Capacidade ALE'!G84,'BD Cap Venda ALE'!C:C,'Capacidade ALE'!E84),0) -> 0 | U84: =IFERROR(SUMIFS('BD Cap Venda ALE'!N:N,'BD Cap Venda ALE'!E:E,'Capacidade ALE'!G84,'BD Cap Venda ALE'!C:C,'Capacidade ALE'!E84),0) -> 0
A85: =IF(RIGHT(F85,5)="Total",O85,0) -> 0 | B85: =RIGHT(F85,5) -> UIABA | C85: =CONCATENATE(D85,RIGHT(F85,5)) -> PoolUIABA | D85: Pool | E85: 28 | F85: CUIABA | G85: Diesel A S500 | I85: =IF(RIGHT(F85,5)="Total",VLOOKUP(F85,'BD Cap Venda ALE'!$D:$K,4,0),SUMIFS('BD Cap Venda ALE'!G:G,'BD Cap Venda ALE'!E:E,'Capacidade ALE'!G85,'BD Cap Venda ALE'!C:C,'Capacidade ALE'!E85)) -> 50 | K85: =IF(RIGHT(F85,5)="Total",VLOOKUP(F85,'Recebimento Rodo - ALE'!$I:$P,8,0),SUMIFS('Recebimento Rodo - ALE'!P:P,'Recebimento Rodo - ALE'!I:I,'Capacidade ALE'!F85,'Recebimento Rodo - ALE'!K:K,'Capacidade ALE'!G85)) -> 1159.6879 | L85: =IF(RIGHT(F85,5)="Total",VLOOKUP(F85,'BD Cap Venda ALE'!$D:$K,5,0),SUMIFS('BD Cap Venda ALE'!H:H,'BD Cap Venda ALE'!E:E,'Capacidade ALE'!G85,'BD Cap Venda ALE'!C:C,'Capacidade ALE'!E85)) -> 300 | N85: Diesel B S500 | O85: =IF(RIGHT(F85,5)="Total",VLOOKUP(F85,'BD Cap Venda ALE'!$D:$K,8,0),SUMIFS('BD Cap Venda ALE'!K:K,'BD Cap Venda ALE'!E:E,'Capacidade ALE'!G85,'BD Cap Venda ALE'!C:C,'Capacidade ALE'!E85)) -> 340.90909 | P85: =P89 -> 14400 | S85: Diesel B S500 | T85: =IFERROR(SUMIFS('BD Cap Venda ALE'!M:M,'BD Cap Venda ALE'!E:E,'Capacidade ALE'!G85,'BD Cap Venda ALE'!C:C,'Capacidade ALE'!E85),0) -> 0 | U85: =IFERROR(SUMIFS('BD Cap Venda ALE'!N:N,'BD Cap Venda ALE'!E:E,'Capacidade ALE'!G85,'BD Cap Venda ALE'!C:C,'Capacidade ALE'!E85),0) -> 0
A86: =IF(RIGHT(F86,5)="Total",O86,0) -> 0 | B86: =RIGHT(F86,5) -> UIABA | C86: =CONCATENATE(D86,RIGHT(F86,5)) -> PoolUIABA | D86: Pool | E86: 28 | F86: CUIABA | G86: Etanol Anidro | I86: =IF(RIGHT(F86,5)="Total",VLOOKUP(F86,'BD Cap Venda ALE'!$D:$K,4,0),SUMIFS('BD Cap Venda ALE'!G:G,'BD Cap Venda ALE'!E:E,'Capacidade ALE'!G86,'BD Cap Venda ALE'!C:C,'Capacidade ALE'!E86)) -> 304.40949 | K86: =IF(RIGHT(F86,5)="Total",VLOOKUP(F86,'Recebimento Rodo - ALE'!$I:$P,8,0),SUMIFS('Recebimento Rodo - ALE'!P:P,'Recebimento Rodo - ALE'!I:I,'Capacidade ALE'!F86,'Recebimento Rodo - ALE'!K:K,'Capacidade ALE'!G86)) -> 1477.3963 | L86: =IF(RIGHT(F86,5)="Total",VLOOKUP(F86,'BD Cap Venda ALE'!$D:$K,5,0),SUMIFS('BD Cap Venda ALE'!H:H,'BD Cap Venda ALE'!E:E,'Capacidade ALE'!G86,'BD Cap Venda ALE'!C:C,'Capacidade ALE'!E86)) -> 3652.9139 | O86: =IF(RIGHT(F86,5)="Total",VLOOKUP(F86,'BD Cap Venda ALE'!$D:$K,8,0),SUMIFS('BD Cap Venda ALE'!K:K,'BD Cap Venda ALE'!E:E,'Capacidade ALE'!G86,'BD Cap Venda ALE'!C:C,'Capacidade ALE'!E86)) -> 0 | P86: =IF(RIGHT(F86,5)="Total",VLOOKUP(F86,'Expedição Rodo - ALE'!$A:$H,8,0),"") | T86: =IFERROR(SUMIFS('BD Cap Venda ALE'!M:M,'BD Cap Venda ALE'!E:E,'Capacidade ALE'!G86,'BD Cap Venda ALE'!C:C,'Capacidade ALE'!E86),0) -> 0 | U86: =IFERROR(SUMIFS('BD Cap Venda ALE'!N:N,'BD Cap Venda ALE'!E:E,'Capacidade ALE'!G86,'BD Cap Venda ALE'!C:C,'Capacidade ALE'!E86),0) -> 0
A87: =IF(RIGHT(F87,5)="Total",O87,0) -> 0 | B87: =RIGHT(F87,5) -> UIABA | C87: =CONCATENATE(D87,RIGHT(F87,5)) -> PoolUIABA | D87: Pool | E87: 28 | F87: CUIABA | G87: Etanol Hidratado | I87: =IF(RIGHT(F87,5)="Total",VLOOKUP(F87,'BD Cap Venda ALE'!$D:$K,4,0),SUMIFS('BD Cap Venda ALE'!G:G,'BD Cap Venda ALE'!E:E,'Capacidade ALE'!G87,'BD Cap Venda ALE'!C:C,'Capacidade ALE'!E87)) -> 413.81 | K87: =IF(RIGHT(F87,5)="Total",VLOOKUP(F87,'Recebimento Rodo - ALE'!$I:$P,8,0),SUMIFS('Recebimento Rodo - ALE'!P:P,'Recebimento Rodo - ALE'!I:I,'Capacidade ALE'!F87,'Recebimento Rodo - ALE'!K:K,'Capacidade ALE'!G87)) -> 1477.3963 | L87: =IF(RIGHT(F87,5)="Total",VLOOKUP(F87,'BD Cap Venda ALE'!$D:$K,5,0),SUMIFS('BD Cap Venda ALE'!H:H,'BD Cap Venda ALE'!E:E,'Capacidade ALE'!G87,'BD Cap Venda ALE'!C:C,'Capacidade ALE'!E87)) -> 4965.72 | N87: Álcool | O87: =IF(RIGHT(F87,5)="Total",VLOOKUP(F87,'BD Cap Venda ALE'!$D:$K,8,0),SUMIFS('BD Cap Venda ALE'!K:K,'BD Cap Venda ALE'!E:E,'Capacidade ALE'!G87,'BD Cap Venda ALE'!C:C,'Capacidade ALE'!E87)) -> 4965.72 | P87: =IF(RIGHT(F87,5)="Total",VLOOKUP(F87,'Expedição Rodo - ALE'!$A:$H,8,0),"") | S87: Álcool | T87: =IFERROR(SUMIFS('BD Cap Venda ALE'!M:M,'BD Cap Venda ALE'!E:E,'Capacidade ALE'!G87,'BD Cap Venda ALE'!C:C,'Capacidade ALE'!E87),0) -> 0 | U87: =IFERROR(SUMIFS('BD Cap Venda ALE'!N:N,'BD Cap Venda ALE'!E:E,'Capacidade ALE'!G87,'BD Cap Venda ALE'!C:C,'Capacidade ALE'!E87),0) -> 0
A88: =IF(RIGHT(F88,5)="Total",O88,0) -> 0 | B88: =RIGHT(F88,5) -> UIABA | C88: =CONCATENATE(D88,RIGHT(F88,5)) -> PoolUIABA | D88: Pool | E88: 28 | F88: CUIABA | G88: Gasolina A | I88: =IF(RIGHT(F88,5)="Total",VLOOKUP(F88,'BD Cap Venda ALE'!$D:$K,4,0),SUMIFS('BD Cap Venda ALE'!G:G,'BD Cap Venda ALE'!E:E,'Capacidade ALE'!G88,'BD Cap Venda ALE'!C:C,'Capacidade ALE'!E88)) -> 617.957 | K88: =IF(RIGHT(F88,5)="Total",VLOOKUP(F88,'Recebimento Rodo - ALE'!$I:$P,8,0),SUMIFS('Recebimento Rodo - ALE'!P:P,'Recebimento Rodo - ALE'!I:I,'Capacidade ALE'!F88,'Recebimento Rodo - ALE'!K:K,'Capacidade ALE'!G88)) -> 1159.6879 | L88: =IF(RIGHT(F88,5)="Total",VLOOKUP(F88,'BD Cap Venda ALE'!$D:$K,5,0),SUMIFS('BD Cap Venda ALE'!H:H,'BD Cap Venda ALE'!E:E,'Capacidade ALE'!G88,'BD Cap Venda ALE'!C:C,'Capacidade ALE'!E88)) -> 3707.742 | N88: Gasolina C | O88: =IF(RIGHT(F88,5)="Total",VLOOKUP(F88,'BD Cap Venda ALE'!$D:$K,8,0),SUMIFS('BD Cap Venda ALE'!K:K,'BD Cap Venda ALE'!E:E,'Capacidade ALE'!G88,'BD Cap Venda ALE'!C:C,'Capacidade ALE'!E88)) -> 5079.0986 | P88: =IF(RIGHT(F88,5)="Total",VLOOKUP(F88,'Expedição Rodo - ALE'!$A:$H,8,0),"") | S88: Gasolina C | T88: =IFERROR(SUMIFS('BD Cap Venda ALE'!M:M,'BD Cap Venda ALE'!E:E,'Capacidade ALE'!G88,'BD Cap Venda ALE'!C:C,'Capacidade ALE'!E88),0) -> 0 | U88: =IFERROR(SUMIFS('BD Cap Venda ALE'!N:N,'BD Cap Venda ALE'!E:E,'Capacidade ALE'!G88,'BD Cap Venda ALE'!C:C,'Capacidade ALE'!E88),0) -> 0
A89: =IF(RIGHT(F89,5)="Total",O89,0) -> 10726.637 | B89: =RIGHT(F89,5) -> Total | C89: =CONCATENATE(D89,RIGHT(F89,5)) -> PoolTotal | D89: Pool | E89: 28 | F89: CUIABA Total | I89: =IF(RIGHT(F89,5)="Total",VLOOKUP(F89,'BD Cap Venda ALE'!$D:$K,4,0),SUMIFS('BD Cap Venda ALE'!G:G,'BD Cap Venda ALE'!E:E,'Capacidade ALE'!G89,'BD Cap Venda ALE'!C:C,'Capacidade ALE'!E89)) -> 1532.5131 | K89: =IF(RIGHT(F89,5)="Total",VLOOKUP(F89,'Recebimento Rodo - ALE'!$I:$P,8,0),SUMIFS('Recebimento Rodo - ALE'!P:P,'Recebimento Rodo - ALE'!I:I,'Capacidade ALE'!F89,'Recebimento Rodo - ALE'!K:K,'Capacidade ALE'!G89)) -> 7086.4092 | L89: =IF(RIGHT(F89,5)="Total",VLOOKUP(F89,'BD Cap Venda ALE'!$D:$K,5,0),SUMIFS('BD Cap Venda ALE'!H:H,'BD Cap Venda ALE'!E:E,'Capacidade ALE'!G89,'BD Cap Venda ALE'!C:C,'Capacidade ALE'!E89)) -> 14082.415 | O89: =IF(RIGHT(F89,5)="Total",VLOOKUP(F89,'BD Cap Venda ALE'!$D:$K,8,0),SUMIFS('BD Cap Venda ALE'!K:K,'BD Cap Venda ALE'!E:E,'Capacidade ALE'!G89,'BD Cap Venda ALE'!C:C,'Capacidade ALE'!E89)) -> 10726.637 | P89: =IF(RIGHT(F89,5)="Total",VLOOKUP(F89,'Expedição Rodo - ALE'!$A:$H,8,0),"") -> 14400 | T89: =IFERROR(SUMIFS('BD Cap Venda ALE'!M:M,'BD Cap Venda ALE'!E:E,'Capacidade ALE'!G89,'BD Cap Venda ALE'!C:C,'Capacidade ALE'!E89),0) -> 0 | U89: =IFERROR(SUMIFS('BD Cap Venda ALE'!N:N,'BD Cap Venda ALE'!E:E,'Capacidade ALE'!G89,'BD Cap Venda ALE'!C:C,'Capacidade ALE'!E89),0) -> 0
A90: =IF(RIGHT(F90,5)="Total",O90,0) -> 0 | B90: =RIGHT(F90,5) -> AXIAS | C90: =CONCATENATE(D90,RIGHT(F90,5)) -> PrópriaAXIAS | D90: Própria | E90: 11 | F90: DUQUE DE CAXIAS | G90: B100 | I90: =IF(RIGHT(F90,5)="Total",VLOOKUP(F90,'BD Cap Venda ALE'!$D:$K,4,0),SUMIFS('BD Cap Venda ALE'!G:G,'BD Cap Venda ALE'!E:E,'Capacidade ALE'!G90,'BD Cap Venda ALE'!C:C,'Capacidade ALE'!E90)) -> 483.58 | K90: =IF(RIGHT(F90,5)="Total",VLOOKUP(F90,'Recebimento Rodo - ALE'!$I:$P,8,0),SUMIFS('Recebimento Rodo - ALE'!P:P,'Recebimento Rodo - ALE'!I:I,'Capacidade ALE'!F90,'Recebimento Rodo - ALE'!K:K,'Capacidade ALE'!G90)) -> 1445.6413 | L90: =IF(RIGHT(F90,5)="Total",VLOOKUP(F90,'BD Cap Venda ALE'!$D:$K,5,0),SUMIFS('BD Cap Venda ALE'!H:H,'BD Cap Venda ALE'!E:E,'Capacidade ALE'!G90,'BD Cap Venda ALE'!C:C,'Capacidade ALE'!E90)) -> 3868.64 | O90: =IF(RIGHT(F90,5)="Total",VLOOKUP(F90,'BD Cap Venda ALE'!$D:$K,8,0),SUMIFS('BD Cap Venda ALE'!K:K,'BD Cap Venda ALE'!E:E,'Capacidade ALE'!G90,'BD Cap Venda ALE'!C:C,'Capacidade ALE'!E90)) -> 0 | P90: =IF(RIGHT(F90,5)="Total",VLOOKUP(F90,'Expedição Rodo - ALE'!$A:$H,8,0),"") | Q90: =IF(O98=P98,"Capacidade mensal de venda reduzida pela capacidade de expedição rodoviária.","") | T90: =IFERROR(SUMIFS('BD Cap Venda ALE'!M:M,'BD Cap Venda ALE'!E:E,'Capacidade ALE'!G90,'BD Cap Venda ALE'!C:C,'Capacidade ALE'!E90),0) -> 304.03333 | U90: =IFERROR(SUMIFS('BD Cap Venda ALE'!N:N,'BD Cap Venda ALE'!E:E,'Capacidade ALE'!G90,'BD Cap Venda ALE'!C:C,'Capacidade ALE'!E90),0) -> 351.5
A91: =IF(RIGHT(F91,5)="Total",O91,0) -> 0 | B91: =RIGHT(F91,5) -> AXIAS | C91: =CONCATENATE(D91,RIGHT(F91,5)) -> PrópriaAXIAS | D91: Própria | E91: 11 | F91: DUQUE DE CAXIAS | G91: Diesel A S10 | I91: =IF(RIGHT(F91,5)="Total",VLOOKUP(F91,'BD Cap Venda ALE'!$D:$K,4,0),SUMIFS('BD Cap Venda ALE'!G:G,'BD Cap Venda ALE'!E:E,'Capacidade ALE'!G91,'BD Cap Venda ALE'!C:C,'Capacidade ALE'!E91)) -> 1125.915 | K91: =IF(RIGHT(F91,5)="Total",VLOOKUP(F91,'Recebimento Rodo - ALE'!$I:$P,8,0),SUMIFS('Recebimento Rodo - ALE'!P:P,'Recebimento Rodo - ALE'!I:I,'Capacidade ALE'!F91,'Recebimento Rodo - ALE'!K:K,'Capacidade ALE'!G91)) -> 1665 | L91: =IF(RIGHT(F91,5)="Total",VLOOKUP(F91,'BD Cap Venda ALE'!$D:$K,5,0),SUMIFS('BD Cap Venda ALE'!H:H,'BD Cap Venda ALE'!E:E,'Capacidade ALE'!G91,'BD Cap Venda ALE'!C:C,'Capacidade ALE'!E91)) -> 13510.98 | N91: Diesel B S10 | O91: =IF(RIGHT(F91,5)="Total",VLOOKUP(F91,'BD Cap Venda ALE'!$D:$K,8,0),SUMIFS('BD Cap Venda ALE'!K:K,'BD Cap Venda ALE'!E:E,'Capacidade ALE'!G91,'BD Cap Venda ALE'!C:C,'Capacidade ALE'!E91)) -> 15353.386 | P91: =IF(RIGHT(F91,5)="Total",VLOOKUP(F91,'Expedição Rodo - ALE'!$A:$H,8,0),"") | S91: Diesel B S10 | T91: =IFERROR(SUMIFS('BD Cap Venda ALE'!M:M,'BD Cap Venda ALE'!E:E,'Capacidade ALE'!G91,'BD Cap Venda ALE'!C:C,'Capacidade ALE'!E91),0) -> 1762.5 | U91: =IFERROR(SUMIFS('BD Cap Venda ALE'!N:N,'BD Cap Venda ALE'!E:E,'Capacidade ALE'!G91,'BD Cap Venda ALE'!C:C,'Capacidade ALE'!E91),0) -> 1925.7417
A92: =IF(RIGHT(F92,5)="Total",O92,0) -> 0 | B92: =RIGHT(F92,5) -> AXIAS | C92: =CONCATENATE(D92,RIGHT(F92,5)) -> PrópriaAXIAS | D92: Própria | E92: 11 | F92: DUQUE DE CAXIAS | G92: Diesel A S500 | I92: =IF(RIGHT(F92,5)="Total",VLOOKUP(F92,'BD Cap Venda ALE'!$D:$K,4,0),SUMIFS('BD Cap Venda ALE'!G:G,'BD Cap Venda ALE'!E:E,'Capacidade ALE'!G92,'BD Cap Venda ALE'!C:C,'Capacidade ALE'!E92)) -> 999.628 | K92: =IF(RIGHT(F92,5)="Total",VLOOKUP(F92,'Recebimento Rodo - ALE'!$I:$P,8,0),SUMIFS('Recebimento Rodo - ALE'!P:P,'Recebimento Rodo - ALE'!I:I,'Capacidade ALE'!F92,'Recebimento Rodo - ALE'!K:K,'Capacidade ALE'!G92)) -> 972 | L92: =IF(RIGHT(F92,5)="Total",VLOOKUP(F92,'BD Cap Venda ALE'!$D:$K,5,0),SUMIFS('BD Cap Venda ALE'!H:H,'BD Cap Venda ALE'!E:E,'Capacidade ALE'!G92,'BD Cap Venda ALE'!C:C,'Capacidade ALE'!E92)) -> 11995.536 | N92: Diesel B S500 | O92: =IF(RIGHT(F92,5)="Total",VLOOKUP(F92,'BD Cap Venda ALE'!$D:$K,8,0),SUMIFS('BD Cap Venda ALE'!K:K,'BD Cap Venda ALE'!E:E,'Capacidade ALE'!G92,'BD Cap Venda ALE'!C:C,'Capacidade ALE'!E92)) -> 13631.291 | P92: =IF(RIGHT(F92,5)="Total",VLOOKUP(F92,'Expedição Rodo - ALE'!$A:$H,8,0),"") | S92: Diesel B S500 | T92: =IFERROR(SUMIFS('BD Cap Venda ALE'!M:M,'BD Cap Venda ALE'!E:E,'Capacidade ALE'!G92,'BD Cap Venda ALE'!C:C,'Capacidade ALE'!E92),0) -> 1062.4667 | U92: =IFERROR(SUMIFS('BD Cap Venda ALE'!N:N,'BD Cap Venda ALE'!E:E,'Capacidade ALE'!G92,'BD Cap Venda ALE'!C:C,'Capacidade ALE'!E92),0) -> 1300.5083
A93: =IF(RIGHT(F93,5)="Total",O93,0) -> 0 | B93: =RIGHT(F93,5) -> AXIAS | C93: =CONCATENATE(D93,RIGHT(F93,5)) -> PrópriaAXIAS | D93: Própria | E93: 11 | F93: DUQUE DE CAXIAS | G93: Diesel Marítimo | I93: =IF(RIGHT(F93,5)="Total",VLOOKUP(F93,'BD Cap Venda ALE'!$D:$K,4,0),SUMIFS('BD Cap Venda ALE'!G:G,'BD Cap Venda ALE'!E:E,'Capacidade ALE'!G93,'BD Cap Venda ALE'!C:C,'Capacidade ALE'!E93)) -> 2556.942 | K93: =IF(RIGHT(F93,5)="Total",VLOOKUP(F93,'Recebimento Rodo - ALE'!$I:$P,8,0),SUMIFS('Recebimento Rodo - ALE'!P:P,'Recebimento Rodo - ALE'!I:I,'Capacidade ALE'!F93,'Recebimento Rodo - ALE'!K:K,'Capacidade ALE'!G93)) -> 0 | L93: =IF(RIGHT(F93,5)="Total",VLOOKUP(F93,'BD Cap Venda ALE'!$D:$K,5,0),SUMIFS('BD Cap Venda ALE'!H:H,'BD Cap Venda ALE'!E:E,'Capacidade ALE'!G93,'BD Cap Venda ALE'!C:C,'Capacidade ALE'!E93)) -> 30683.304 | N93: Diesel Marítimo | O93: =IF(RIGHT(F93,5)="Total",VLOOKUP(F93,'BD Cap Venda ALE'!$D:$K,8,0),SUMIFS('BD Cap Venda ALE'!K:K,'BD Cap Venda ALE'!E:E,'Capacidade ALE'!G93,'BD Cap Venda ALE'!C:C,'Capacidade ALE'!E93)) -> 34867.391 | P93: =P98 -> 28176.811 | S93: Diesel Marítimo | T93: =IFERROR(SUMIFS('BD Cap Venda ALE'!M:M,'BD Cap Venda ALE'!E:E,'Capacidade ALE'!G93,'BD Cap Venda ALE'!C:C,'Capacidade ALE'!E93),0) -> 3967 | U93: =IFERROR(SUMIFS('BD Cap Venda ALE'!N:N,'BD Cap Venda ALE'!E:E,'Capacidade ALE'!G93,'BD Cap Venda ALE'!C:C,'Capacidade ALE'!E93),0) -> 3369
A94: =IF(RIGHT(F94,5)="Total",O94,0) -> 0 | B94: =RIGHT(F94,5) -> AXIAS | C94: =CONCATENATE(D94,RIGHT(F94,5)) -> PrópriaAXIAS | D94: Própria | E94: 11 | F94: DUQUE DE CAXIAS | G94: Etanol Anidro | I94: =IF(RIGHT(F94,5)="Total",VLOOKUP(F94,'BD Cap Venda ALE'!$D:$K,4,0),SUMIFS('BD Cap Venda ALE'!G:G,'BD Cap Venda ALE'!E:E,'Capacidade ALE'!G94,'BD Cap Venda ALE'!C:C,'Capacidade ALE'!E94)) -> 1034.415 | K94: =IF(RIGHT(F94,5)="Total",VLOOKUP(F94,'Recebimento Rodo - ALE'!$I:$P,8,0),SUMIFS('Recebimento Rodo - ALE'!P:P,'Recebimento Rodo - ALE'!I:I,'Capacidade ALE'!F94,'Recebimento Rodo - ALE'!K:K,'Capacidade ALE'!G94)) -> 6412.5382 | L94: =IF(RIGHT(F94,5)="Total",VLOOKUP(F94,'BD Cap Venda ALE'!$D:$K,5,0),SUMIFS('BD Cap Venda ALE'!H:H,'BD Cap Venda ALE'!E:E,'Capacidade ALE'!G94,'BD Cap Venda ALE'!C:C,'Capacidade ALE'!E94)) -> 8275.32 | O94: =IF(RIGHT(F94,5)="Total",VLOOKUP(F94,'BD Cap Venda ALE'!$D:$K,8,0),SUMIFS('BD Cap Venda ALE'!K:K,'BD Cap Venda ALE'!E:E,'Capacidade ALE'!G94,'BD Cap Venda ALE'!C:C,'Capacidade ALE'!E94)) -> 0 | T94: =IFERROR(SUMIFS('BD Cap Venda ALE'!M:M,'BD Cap Venda ALE'!E:E,'Capacidade ALE'!G94,'BD Cap Venda ALE'!C:C,'Capacidade ALE'!E94),0) -> 1332.46 | U94: =IFERROR(SUMIFS('BD Cap Venda ALE'!N:N,'BD Cap Venda ALE'!E:E,'Capacidade ALE'!G94,'BD Cap Venda ALE'!C:C,'Capacidade ALE'!E94),0) -> 1218.945
A95: =IF(RIGHT(F95,5)="Total",O95,0) -> 0 | B95: =RIGHT(F95,5) -> AXIAS | C95: =CONCATENATE(D95,RIGHT(F95,5)) -> PrópriaAXIAS | D95: Própria | E95: 11 | F95: DUQUE DE CAXIAS | G95: Etanol Hidratado | I95: =IF(RIGHT(F95,5)="Total",VLOOKUP(F95,'BD Cap Venda ALE'!$D:$K,4,0),SUMIFS('BD Cap Venda ALE'!G:G,'BD Cap Venda ALE'!E:E,'Capacidade ALE'!G95,'BD Cap Venda ALE'!C:C,'Capacidade ALE'!E95)) -> 400.901 | K95: =IF(RIGHT(F95,5)="Total",VLOOKUP(F95,'Recebimento Rodo - ALE'!$I:$P,8,0),SUMIFS('Recebimento Rodo - ALE'!P:P,'Recebimento Rodo - ALE'!I:I,'Capacidade ALE'!F95,'Recebimento Rodo - ALE'!K:K,'Capacidade ALE'!G95)) -> 5447.7603 | L95: =IF(RIGHT(F95,5)="Total",VLOOKUP(F95,'BD Cap Venda ALE'!$D:$K,5,0),SUMIFS('BD Cap Venda ALE'!H:H,'BD Cap Venda ALE'!E:E,'Capacidade ALE'!G95,'BD Cap Venda ALE'!C:C,'Capacidade ALE'!E95)) -> 3207.208 | N95: Álcool | O95: =IF(RIGHT(F95,5)="Total",VLOOKUP(F95,'BD Cap Venda ALE'!$D:$K,8,0),SUMIFS('BD Cap Venda ALE'!K:K,'BD Cap Venda ALE'!E:E,'Capacidade ALE'!G95,'BD Cap Venda ALE'!C:C,'Capacidade ALE'!E95)) -> 3207.208 | P95: =IF(RIGHT(F95,5)="Total",VLOOKUP(F95,'Expedição Rodo - ALE'!$A:$H,8,0),"") | S95: Álcool | T95: =IFERROR(SUMIFS('BD Cap Venda ALE'!M:M,'BD Cap Venda ALE'!E:E,'Capacidade ALE'!G95,'BD Cap Venda ALE'!C:C,'Capacidade ALE'!E95),0) -> 1658.1667 | U95: =IFERROR(SUMIFS('BD Cap Venda ALE'!N:N,'BD Cap Venda ALE'!E:E,'Capacidade ALE'!G95,'BD Cap Venda ALE'!C:C,'Capacidade ALE'!E95),0) -> 1319.4167
A96: =IF(RIGHT(F96,5)="Total",O96,0) -> 0 | B96: =RIGHT(F96,5) -> AXIAS | C96: =CONCATENATE(D96,RIGHT(F96,5)) -> PrópriaAXIAS | D96: Própria | E96: 11 | F96: DUQUE DE CAXIAS | G96: Gasolina A | I96: =IF(RIGHT(F96,5)="Total",VLOOKUP(F96,'BD Cap Venda ALE'!$D:$K,4,0),SUMIFS('BD Cap Venda ALE'!G:G,'BD Cap Venda ALE'!E:E,'Capacidade ALE'!G96,'BD Cap Venda ALE'!C:C,'Capacidade ALE'!E96)) -> 2238.0851 | K96: =IF(RIGHT(F96,5)="Total",VLOOKUP(F96,'Recebimento Rodo - ALE'!$I:$P,8,0),SUMIFS('Recebimento Rodo - ALE'!P:P,'Recebimento Rodo - ALE'!I:I,'Capacidade ALE'!F96,'Recebimento Rodo - ALE'!K:K,'Capacidade ALE'!G96)) -> 1665 | L96: =IF(RIGHT(F96,5)="Total",VLOOKUP(F96,'BD Cap Venda ALE'!$D:$K,5,0),SUMIFS('BD Cap Venda ALE'!H:H,'BD Cap Venda ALE'!E:E,'Capacidade ALE'!G96,'BD Cap Venda ALE'!C:C,'Capacidade ALE'!E96)) -> 26857.021 | N96: Gasolina C | O96: =IF(RIGHT(F96,5)="Total",VLOOKUP(F96,'BD Cap Venda ALE'!$D:$K,8,0),SUMIFS('BD Cap Venda ALE'!K:K,'BD Cap Venda ALE'!E:E,'Capacidade ALE'!G96,'BD Cap Venda ALE'!C:C,'Capacidade ALE'!E96)) -> 30649.333 | P96: =IF(RIGHT(F96,5)="Total",VLOOKUP(F96,'Expedição Rodo - ALE'!$A:$H,8,0),"") | S96: Gasolina C | T96: =IFERROR(SUMIFS('BD Cap Venda ALE'!M:M,'BD Cap Venda ALE'!E:E,'Capacidade ALE'!G96,'BD Cap Venda ALE'!C:C,'Capacidade ALE'!E96),0) -> 4081.7067 | U96: =IFERROR(SUMIFS('BD Cap Venda ALE'!N:N,'BD Cap Venda ALE'!E:E,'Capacidade ALE'!G96,'BD Cap Venda ALE'!C:C,'Capacidade ALE'!E96),0) -> 3722.1383
A97: =IF(RIGHT(F97,5)="Total",O97,0) -> 0 | B97: =RIGHT(F97,5) -> AXIAS | C97: =CONCATENATE(D97,RIGHT(F97,5)) -> PrópriaAXIAS | D97: Própria | E97: 11 | F97: DUQUE DE CAXIAS | G97: Gasolina Premium | I97: =IF(RIGHT(F97,5)="Total",VLOOKUP(F97,'BD Cap Venda ALE'!$D:$K,4,0),SUMIFS('BD Cap Venda ALE'!G:G,'BD Cap Venda ALE'!E:E,'Capacidade ALE'!G97,'BD Cap Venda ALE'!C:C,'Capacidade ALE'!E97)) -> 100 | K97: =IF(RIGHT(F97,5)="Total",VLOOKUP(F97,'Recebimento Rodo - ALE'!$I:$P,8,0),SUMIFS('Recebimento Rodo - ALE'!P:P,'Recebimento Rodo - ALE'!I:I,'Capacidade ALE'!F97,'Recebimento Rodo - ALE'!K:K,'Capacidade ALE'!G97)) -> 0 | L97: =IF(RIGHT(F97,5)="Total",VLOOKUP(F97,'BD Cap Venda ALE'!$D:$K,5,0),SUMIFS('BD Cap Venda ALE'!H:H,'BD Cap Venda ALE'!E:E,'Capacidade ALE'!G97,'BD Cap Venda ALE'!C:C,'Capacidade ALE'!E97)) -> 0 | N97: Gasolina Premium | O97: =IF(RIGHT(F97,5)="Total",VLOOKUP(F97,'BD Cap Venda ALE'!$D:$K,8,0),SUMIFS('BD Cap Venda ALE'!K:K,'BD Cap Venda ALE'!E:E,'Capacidade ALE'!G97,'BD Cap Venda ALE'!C:C,'Capacidade ALE'!E97)) -> 0 | P97: =IF(RIGHT(F97,5)="Total",VLOOKUP(F97,'Expedição Rodo - ALE'!$A:$H,8,0),"") | S97: Gasolina Premium | T97: =IFERROR(SUMIFS('BD Cap Venda ALE'!M:M,'BD Cap Venda ALE'!E:E,'Capacidade ALE'!G97,'BD Cap Venda ALE'!C:C,'Capacidade ALE'!E97),0) -> 0 | U97: =IFERROR(SUMIFS('BD Cap Venda ALE'!N:N,'BD Cap Venda ALE'!E:E,'Capacidade ALE'!G97,'BD Cap Venda ALE'!C:C,'Capacidade ALE'!E97),0) -> 0
A98: =IF(RIGHT(F98,5)="Total",O98,0) -> 97708.61 | B98: =RIGHT(F98,5) -> Total | C98: =CONCATENATE(D98,RIGHT(F98,5)) -> PrópriaTotal | D98: Própria | E98: 11 | F98: DUQUE DE CAXIAS Total | I98: =IF(RIGHT(F98,5)="Total",VLOOKUP(F98,'BD Cap Venda ALE'!$D:$K,4,0),SUMIFS('BD Cap Venda ALE'!G:G,'BD Cap Venda ALE'!E:E,'Capacidade ALE'!G98,'BD Cap Venda ALE'!C:C,'Capacidade ALE'!E98)) -> 8939.4661 | K98: =IF(RIGHT(F98,5)="Total",VLOOKUP(F98,'Recebimento Rodo - ALE'!$I:$P,8,0),SUMIFS('Recebimento Rodo - ALE'!P:P,'Recebimento Rodo - ALE'!I:I,'Capacidade ALE'!F98,'Recebimento Rodo - ALE'!K:K,'Capacidade ALE'!G98)) -> 13305.94 | L98: =IF(RIGHT(F98,5)="Total",VLOOKUP(F98,'BD Cap Venda ALE'!$D:$K,5,0),SUMIFS('BD Cap Venda ALE'!H:H,'BD Cap Venda ALE'!E:E,'Capacidade ALE'!G98,'BD Cap Venda ALE'!C:C,'Capacidade ALE'!E98)) -> 98398.009 | O98: =IF(RIGHT(F98,5)="Total",VLOOKUP(F98,'BD Cap Venda ALE'!$D:$K,8,0),SUMIFS('BD Cap Venda ALE'!K:K,'BD Cap Venda ALE'!E:E,'Capacidade ALE'!G98,'BD Cap Venda ALE'!C:C,'Capacidade ALE'!E98)) -> 97708.61 | P98: =IF(RIGHT(F98,5)="Total",VLOOKUP(F98,'Expedição Rodo - ALE'!$A:$H,8,0),"") -> 28176.811 | T98: =IFERROR(SUMIFS('BD Cap Venda ALE'!M:M,'BD Cap Venda ALE'!E:E,'Capacidade ALE'!G98,'BD Cap Venda ALE'!C:C,'Capacidade ALE'!E98),0) -> 0 | U98: =IFERROR(SUMIFS('BD Cap Venda ALE'!N:N,'BD Cap Venda ALE'!E:E,'Capacidade ALE'!G98,'BD Cap Venda ALE'!C:C,'Capacidade ALE'!E98),0) -> 0
A99: =IF(RIGHT(F99,5)="Total",O99,0) -> 0 | B99: =RIGHT(F99,5) -> ALEZA | C99: =CONCATENATE(D99,RIGHT(F99,5)) -> TerceirosALEZA | D99: Terceiros | E99: 29 | F99: FORTALEZA | G99: B100 | I99: =IF(RIGHT(F99,5)="Total",VLOOKUP(F99,'BD Cap Venda ALE'!$D:$K,4,0),SUMIFS('BD Cap Venda ALE'!G:G,'BD Cap Venda ALE'!E:E,'Capacidade ALE'!G99,'BD Cap Venda ALE'!C:C,'Capacidade ALE'!E99)) -> 63 | K99: =IF(RIGHT(F99,5)="Total",VLOOKUP(F99,'Recebimento Rodo - ALE'!$I:$P,8,0),SUMIFS('Recebimento Rodo - ALE'!P:P,'Recebimento Rodo - ALE'!I:I,'Capacidade ALE'!F99,'Recebimento Rodo - ALE'!K:K,'Capacidade ALE'!G99)) -> 200.15625 | L99: =IF(RIGHT(F99,5)="Total",VLOOKUP(F99,'BD Cap Venda ALE'!$D:$K,5,0),SUMIFS('BD Cap Venda ALE'!H:H,'BD Cap Venda ALE'!E:E,'Capacidade ALE'!G99,'BD Cap Venda ALE'!C:C,'Capacidade ALE'!E99)) -> 189 | O99: =IF(RIGHT(F99,5)="Total",VLOOKUP(F99,'BD Cap Venda ALE'!$D:$K,8,0),SUMIFS('BD Cap Venda ALE'!K:K,'BD Cap Venda ALE'!E:E,'Capacidade ALE'!G99,'BD Cap Venda ALE'!C:C,'Capacidade ALE'!E99)) -> 0 | P99: =IF(RIGHT(F99,5)="Total",VLOOKUP(F99,'Expedição Rodo - ALE'!$A:$H,8,0),"") | Q99: =IF(P105<O105,"capacidade de expedição rodoviária abaixo da capacidade de venda mensal, prevalece a capacidade de venda mensal em virtude do terminal ter a obrigatoriedade de garantia do giro dos espaços contratados em linha com a logística da filial.","") | T99: =IFERROR(SUMIFS('BD Cap Venda ALE'!M:M,'BD Cap Venda ALE'!E:E,'Capacidade ALE'!G99,'BD Cap Venda ALE'!C:C,'Capacidade ALE'!E99),0) -> 130.06667 | U99: =IFERROR(SUMIFS('BD Cap Venda ALE'!N:N,'BD Cap Venda ALE'!E:E,'Capacidade ALE'!G99,'BD Cap Venda ALE'!C:C,'Capacidade ALE'!E99),0) -> 126.83333
A100: =IF(RIGHT(F100,5)="Total",O100,0) -> 0 | B100: =RIGHT(F100,5) -> ALEZA | C100: =CONCATENATE(D100,RIGHT(F100,5)) -> TerceirosALEZA | D100: Terceiros | E100: 29 | F100: FORTALEZA | G100: Diesel A S10 | I100: =IF(RIGHT(F100,5)="Total",VLOOKUP(F100,'BD Cap Venda ALE'!$D:$K,4,0),SUMIFS('BD Cap Venda ALE'!G:G,'BD Cap Venda ALE'!E:E,'Capacidade ALE'!G100,'BD Cap Venda ALE'!C:C,'Capacidade ALE'!E100)) -> 528 | K100: =IF(RIGHT(F100,5)="Total",VLOOKUP(F100,'Recebimento Rodo - ALE'!$I:$P,8,0),SUMIFS('Recebimento Rodo - ALE'!P:P,'Recebimento Rodo - ALE'!I:I,'Capacidade ALE'!F100,'Recebimento Rodo - ALE'!K:K,'Capacidade ALE'!G100)) -> 2459.6599 | L100: =IF(RIGHT(F100,5)="Total",VLOOKUP(F100,'BD Cap Venda ALE'!$D:$K,5,0),SUMIFS('BD Cap Venda ALE'!H:H,'BD Cap Venda ALE'!E:E,'Capacidade ALE'!G100,'BD Cap Venda ALE'!C:C,'Capacidade ALE'!E100)) -> 2534.4 | N100: Diesel B S10 | O100: =IF(RIGHT(F100,5)="Total",VLOOKUP(F100,'BD Cap Venda ALE'!$D:$K,8,0),SUMIFS('BD Cap Venda ALE'!K:K,'BD Cap Venda ALE'!E:E,'Capacidade ALE'!G100,'BD Cap Venda ALE'!C:C,'Capacidade ALE'!E100)) -> 1575 | P100: =IF(RIGHT(F100,5)="Total",VLOOKUP(F100,'Expedição Rodo - ALE'!$A:$H,8,0),"") | S100: Diesel B S10 | T100: =IFERROR(SUMIFS('BD Cap Venda ALE'!M:M,'BD Cap Venda ALE'!E:E,'Capacidade ALE'!G100,'BD Cap Venda ALE'!C:C,'Capacidade ALE'!E100),0) -> 1170.6 | U100: =IFERROR(SUMIFS('BD Cap Venda ALE'!N:N,'BD Cap Venda ALE'!E:E,'Capacidade ALE'!G100,'BD Cap Venda ALE'!C:C,'Capacidade ALE'!E100),0) -> 1154.1667
A101: =IF(RIGHT(F101,5)="Total",O101,0) -> 0 | B101: =RIGHT(F101,5) -> ALEZA | C101: =CONCATENATE(D101,RIGHT(F101,5)) -> TerceirosALEZA | D101: Terceiros | E101: 29 | F101: FORTALEZA | G101: Diesel A S500 | I101: =IF(RIGHT(F101,5)="Total",VLOOKUP(F101,'BD Cap Venda ALE'!$D:$K,4,0),SUMIFS('BD Cap Venda ALE'!G:G,'BD Cap Venda ALE'!E:E,'Capacidade ALE'!G101,'BD Cap Venda ALE'!C:C,'Capacidade ALE'!E101)) -> 0 | K101: =IF(RIGHT(F101,5)="Total",VLOOKUP(F101,'Recebimento Rodo - ALE'!$I:$P,8,0),SUMIFS('Recebimento Rodo - ALE'!P:P,'Recebimento Rodo - ALE'!I:I,'Capacidade ALE'!F101,'Recebimento Rodo - ALE'!K:K,'Capacidade ALE'!G101)) -> 669.77906 | L101: =IF(RIGHT(F101,5)="Total",VLOOKUP(F101,'BD Cap Venda ALE'!$D:$K,5,0),SUMIFS('BD Cap Venda ALE'!H:H,'BD Cap Venda ALE'!E:E,'Capacidade ALE'!G101,'BD Cap Venda ALE'!C:C,'Capacidade ALE'!E101)) -> 0 | N101: Diesel B S500 | O101: =IF(RIGHT(F101,5)="Total",VLOOKUP(F101,'BD Cap Venda ALE'!$D:$K,8,0),SUMIFS('BD Cap Venda ALE'!K:K,'BD Cap Venda ALE'!E:E,'Capacidade ALE'!G101,'BD Cap Venda ALE'!C:C,'Capacidade ALE'!E101)) -> 0 | P101: =P105 -> 9504 | S101: Diesel B S500 | T101: =IFERROR(SUMIFS('BD Cap Venda ALE'!M:M,'BD Cap Venda ALE'!E:E,'Capacidade ALE'!G101,'BD Cap Venda ALE'!C:C,'Capacidade ALE'!E101),0) -> 0 | U101: =IFERROR(SUMIFS('BD Cap Venda ALE'!N:N,'BD Cap Venda ALE'!E:E,'Capacidade ALE'!G101,'BD Cap Venda ALE'!C:C,'Capacidade ALE'!E101),0) -> 0
A102: =IF(RIGHT(F102,5)="Total",O102,0) -> 0 | B102: =RIGHT(F102,5) -> ALEZA | C102: =CONCATENATE(D102,RIGHT(F102,5)) -> TerceirosALEZA | D102: Terceiros | E102: 29 | F102: FORTALEZA | G102: Etanol Anidro | I102: =IF(RIGHT(F102,5)="Total",VLOOKUP(F102,'BD Cap Venda ALE'!$D:$K,4,0),SUMIFS('BD Cap Venda ALE'!G:G,'BD Cap Venda ALE'!E:E,'Capacidade ALE'!G102,'BD Cap Venda ALE'!C:C,'Capacidade ALE'!E102)) -> 150 | K102: =IF(RIGHT(F102,5)="Total",VLOOKUP(F102,'Recebimento Rodo - ALE'!$I:$P,8,0),SUMIFS('Recebimento Rodo - ALE'!P:P,'Recebimento Rodo - ALE'!I:I,'Capacidade ALE'!F102,'Recebimento Rodo - ALE'!K:K,'Capacidade ALE'!G102)) -> 762.5 | L102: =IF(RIGHT(F102,5)="Total",VLOOKUP(F102,'BD Cap Venda ALE'!$D:$K,5,0),SUMIFS('BD Cap Venda ALE'!H:H,'BD Cap Venda ALE'!E:E,'Capacidade ALE'!G102,'BD Cap Venda ALE'!C:C,'Capacidade ALE'!E102)) -> 720 | O102: =IF(RIGHT(F102,5)="Total",VLOOKUP(F102,'BD Cap Venda ALE'!$D:$K,8,0),SUMIFS('BD Cap Venda ALE'!K:K,'BD Cap Venda ALE'!E:E,'Capacidade ALE'!G102,'BD Cap Venda ALE'!C:C,'Capacidade ALE'!E102)) -> 0 | P102: =IF(RIGHT(F102,5)="Total",VLOOKUP(F102,'Expedição Rodo - ALE'!$A:$H,8,0),"") | T102: =IFERROR(SUMIFS('BD Cap Venda ALE'!M:M,'BD Cap Venda ALE'!E:E,'Capacidade ALE'!G102,'BD Cap Venda ALE'!C:C,'Capacidade ALE'!E102),0) -> 578.655 | U102: =IFERROR(SUMIFS('BD Cap Venda ALE'!N:N,'BD Cap Venda ALE'!E:E,'Capacidade ALE'!G102,'BD Cap Venda ALE'!C:C,'Capacidade ALE'!E102),0) -> 561.24
...

Sheet Recebimento Rodo - ALE
A1: 2 - Capacidade de recebimento rodoviário | H1: 1.2 - Capacidade de recebimento rodoviário
G4: Tipo Infraestrurtura | H4: Código Da Base | I4: Unidade | J4: Base / Armazenador | K4: Produto | M4: Vol. Médio Por CT (m³) | N4: Janelas diárias estimadas Seg a Sex | O4: Janelas diárias estimadas Sab | P4: Capacidade mensal de recebimento rodoviário (m³) | Q4: Observações | S4: Apontamentos gerais
B5: =I5 -> ACAILANDIA | C5: =RIGHT(I5,5) -> ANDIA | E5: =IF(RIGHT(I5,5)="Total",P5,0) -> 0 | F5: =CONCATENATE(G5,RIGHT(I5,5)) -> TerceirosANDIA | G5: =IFERROR(VLOOKUP(H5,[161]Detalhes!$G:$J,4,0),#REF!) -> Terceiros | H5: 33 | I5: ACAILANDIA | J5: VIBRA | K5: Gasolina A | M5: =IF(RIGHT(I5,5)="Total",VLOOKUP(I5,'BD Descarga'!$B:$I,5,0),SUMIFS('BD Descarga'!F:F,'BD Descarga'!D:D,'Recebimento Rodo - ALE'!K5,'BD Descarga'!C:C,'Recebimento Rodo - ALE'!J5,'BD Descarga'!B:B,'Recebimento Rodo - ALE'!I5,'BD Descarga'!A:A,'Recebimento Rodo - ALE'!H5)) -> 51.597561 | N5: =IF(RIGHT(I5,5)="Total",VLOOKUP(I5,'BD Descarga'!$B:$I,6,0),SUMIFS('BD Descarga'!G:G,'BD Descarga'!D:D,'Recebimento Rodo - ALE'!K5,'BD Descarga'!C:C,'Recebimento Rodo - ALE'!J5,'BD Descarga'!B:B,'Recebimento Rodo - ALE'!I5,'BD Descarga'!A:A,'Recebimento Rodo - ALE'!H5)) -> 0.33585978 | O5: =IF(RIGHT(I5,5)="Total",VLOOKUP(I5,'BD Descarga'!$B:$I,7,0),SUMIFS('BD Descarga'!H:H,'BD Descarga'!D:D,'Recebimento Rodo - ALE'!K5,'BD Descarga'!C:C,'Recebimento Rodo - ALE'!J5,'BD Descarga'!B:B,'Recebimento Rodo - ALE'!I5,'BD Descarga'!A:A,'Recebimento Rodo - ALE'!H5)) -> 0 | P5: =IF(RIGHT(I5,5)="Total",VLOOKUP(I5,'BD Descarga'!$B:$I,8,0),SUMIFS('BD Descarga'!I:I,'BD Descarga'!D:D,'Recebimento Rodo - ALE'!K5,'BD Descarga'!C:C,'Recebimento Rodo - ALE'!J5,'BD Descarga'!B:B,'Recebimento Rodo - ALE'!I5,'BD Descarga'!A:A,'Recebimento Rodo - ALE'!H5)) -> 381.25 | Q5: Ordem de Chegada Calculado conforme capacidade de movimentação Derivados - considerado 30% da capacidade, visto modal usual Ferroviário | S5: Capacidades de descarga ALE conforme as informações encaminhadas pelo time de Operações.
B6: =I6 -> ACAILANDIA | C6: =RIGHT(I6,5) -> ANDIA | E6: =IF(RIGHT(I6,5)="Total",P6,0) -> 0 | F6: =CONCATENATE(G6,RIGHT(I6,5)) -> TerceirosANDIA | G6: =IFERROR(VLOOKUP(H6,[161]Detalhes!$G:$J,4,0),G5) -> Terceiros | H6: 33 | I6: ACAILANDIA | J6: VIBRA | K6: Diesel A S10 | M6: =IF(RIGHT(I6,5)="Total",VLOOKUP(I6,'BD Descarga'!$B:$I,5,0),SUMIFS('BD Descarga'!F:F,'BD Descarga'!D:D,'Recebimento Rodo - ALE'!K6,'BD Descarga'!C:C,'Recebimento Rodo - ALE'!J6,'BD Descarga'!B:B,'Recebimento Rodo - ALE'!I6,'BD Descarga'!A:A,'Recebimento Rodo - ALE'!H6)) -> 51.597561 | N6: =IF(RIGHT(I6,5)="Total",VLOOKUP(I6,'BD Descarga'!$B:$I,6,0),SUMIFS('BD Descarga'!G:G,'BD Descarga'!D:D,'Recebimento Rodo - ALE'!K6,'BD Descarga'!C:C,'Recebimento Rodo - ALE'!J6,'BD Descarga'!B:B,'Recebimento Rodo - ALE'!I6,'BD Descarga'!A:A,'Recebimento Rodo - ALE'!H6)) -> 0.011195326 | O6: =IF(RIGHT(I6,5)="Total",VLOOKUP(I6,'BD Descarga'!$B:$I,7,0),SUMIFS('BD Descarga'!H:H,'BD Descarga'!D:D,'Recebimento Rodo - ALE'!K6,'BD Descarga'!C:C,'Recebimento Rodo - ALE'!J6,'BD Descarga'!B:B,'Recebimento Rodo - ALE'!I6,'BD Descarga'!A:A,'Recebimento Rodo - ALE'!H6)) -> 0 | P6: =IF(RIGHT(I6,5)="Total",VLOOKUP(I6,'BD Descarga'!$B:$I,8,0),SUMIFS('BD Descarga'!I:I,'BD Descarga'!D:D,'Recebimento Rodo - ALE'!K6,'BD Descarga'!C:C,'Recebimento Rodo - ALE'!J6,'BD Descarga'!B:B,'Recebimento Rodo - ALE'!I6,'BD Descarga'!A:A,'Recebimento Rodo - ALE'!H6)) -> 12.708333
B7: =I7 -> ACAILANDIA | C7: =RIGHT(I7,5) -> ANDIA | E7: =IF(RIGHT(I7,5)="Total",P7,0) -> 0 | F7: =CONCATENATE(G7,RIGHT(I7,5)) -> TerceirosANDIA | G7: =IFERROR(VLOOKUP(H7,[161]Detalhes!$G:$J,4,0),G6) -> Terceiros | H7: 33 | I7: ACAILANDIA | J7: VIBRA | K7: Diesel A S500 | M7: =IF(RIGHT(I7,5)="Total",VLOOKUP(I7,'BD Descarga'!$B:$I,5,0),SUMIFS('BD Descarga'!F:F,'BD Descarga'!D:D,'Recebimento Rodo - ALE'!K7,'BD Descarga'!C:C,'Recebimento Rodo - ALE'!J7,'BD Descarga'!B:B,'Recebimento Rodo - ALE'!I7,'BD Descarga'!A:A,'Recebimento Rodo - ALE'!H7)) -> 51.597561 | N7: =IF(RIGHT(I7,5)="Total",VLOOKUP(I7,'BD Descarga'!$B:$I,6,0),SUMIFS('BD Descarga'!G:G,'BD Descarga'!D:D,'Recebimento Rodo - ALE'!K7,'BD Descarga'!C:C,'Recebimento Rodo - ALE'!J7,'BD Descarga'!B:B,'Recebimento Rodo - ALE'!I7,'BD Descarga'!A:A,'Recebimento Rodo - ALE'!H7)) -> 0.33585978 | O7: =IF(RIGHT(I7,5)="Total",VLOOKUP(I7,'BD Descarga'!$B:$I,7,0),SUMIFS('BD Descarga'!H:H,'BD Descarga'!D:D,'Recebimento Rodo - ALE'!K7,'BD Descarga'!C:C,'Recebimento Rodo - ALE'!J7,'BD Descarga'!B:B,'Recebimento Rodo - ALE'!I7,'BD Descarga'!A:A,'Recebimento Rodo - ALE'!H7)) -> 0 | P7: =IF(RIGHT(I7,5)="Total",VLOOKUP(I7,'BD Descarga'!$B:$I,8,0),SUMIFS('BD Descarga'!I:I,'BD Descarga'!D:D,'Recebimento Rodo - ALE'!K7,'BD Descarga'!C:C,'Recebimento Rodo - ALE'!J7,'BD Descarga'!B:B,'Recebimento Rodo - ALE'!I7,'BD Descarga'!A:A,'Recebimento Rodo - ALE'!H7)) -> 381.25
B8: =I8 -> ACAILANDIA | C8: =RIGHT(I8,5) -> ANDIA | E8: =IF(RIGHT(I8,5)="Total",P8,0) -> 0 | F8: =CONCATENATE(G8,RIGHT(I8,5)) -> TerceirosANDIA | G8: =IFERROR(VLOOKUP(H8,[161]Detalhes!$G:$J,4,0),G7) -> Terceiros | H8: 33 | I8: ACAILANDIA | J8: VIBRA | K8: Derivados | M8: =IF(RIGHT(I8,5)="Total",VLOOKUP(I8,'BD Descarga'!$B:$I,5,0),SUMIFS('BD Descarga'!F:F,'BD Descarga'!D:D,'Recebimento Rodo - ALE'!K8,'BD Descarga'!C:C,'Recebimento Rodo - ALE'!J8,'BD Descarga'!B:B,'Recebimento Rodo - ALE'!I8,'BD Descarga'!A:A,'Recebimento Rodo - ALE'!H8)) -> 51.597561 | N8: =IF(RIGHT(I8,5)="Total",VLOOKUP(I8,'BD Descarga'!$B:$I,6,0),SUMIFS('BD Descarga'!G:G,'BD Descarga'!D:D,'Recebimento Rodo - ALE'!K8,'BD Descarga'!C:C,'Recebimento Rodo - ALE'!J8,'BD Descarga'!B:B,'Recebimento Rodo - ALE'!I8,'BD Descarga'!A:A,'Recebimento Rodo - ALE'!H8)) -> 0.68291489 | O8: =IF(RIGHT(I8,5)="Total",VLOOKUP(I8,'BD Descarga'!$B:$I,7,0),SUMIFS('BD Descarga'!H:H,'BD Descarga'!D:D,'Recebimento Rodo - ALE'!K8,'BD Descarga'!C:C,'Recebimento Rodo - ALE'!J8,'BD Descarga'!B:B,'Recebimento Rodo - ALE'!I8,'BD Descarga'!A:A,'Recebimento Rodo - ALE'!H8)) -> 0 | P8: =IF(RIGHT(I8,5)="Total",VLOOKUP(I8,'BD Descarga'!$B:$I,8,0),SUMIFS('BD Descarga'!I:I,'BD Descarga'!D:D,'Recebimento Rodo - ALE'!K8,'BD Descarga'!C:C,'Recebimento Rodo - ALE'!J8,'BD Descarga'!B:B,'Recebimento Rodo - ALE'!I8,'BD Descarga'!A:A,'Recebimento Rodo - ALE'!H8)) -> 775.20833 | S8: Bases Próprias / Pools: Janelas e volume médio por CT de acordo com os dados do time de Operações. Capacidades e Janelas apresentadas deduzem as movimentações de 3º's e considera a participação ALE nos pools (exceto para SJRP, onde nos últimos 12 meses não houve movimentação IPP). Para Betim, Guarulhos, Goiânia e Guamaré, as informações foram revisitadas junto à Operações.
B9: =I9 -> ACAILANDIA | C9: =RIGHT(I9,5) -> ANDIA | E9: =IF(RIGHT(I9,5)="Total",P9,0) -> 0 | F9: =CONCATENATE(G9,RIGHT(I9,5)) -> TerceirosANDIA | G9: =IFERROR(VLOOKUP(H9,[161]Detalhes!$G:$J,4,0),G8) -> Terceiros | H9: 33 | I9: ACAILANDIA | J9: VIBRA | K9: B100 | M9: =IF(RIGHT(I9,5)="Total",VLOOKUP(I9,'BD Descarga'!$B:$I,5,0),SUMIFS('BD Descarga'!F:F,'BD Descarga'!D:D,'Recebimento Rodo - ALE'!K9,'BD Descarga'!C:C,'Recebimento Rodo - ALE'!J9,'BD Descarga'!B:B,'Recebimento Rodo - ALE'!I9,'BD Descarga'!A:A,'Recebimento Rodo - ALE'!H9)) -> 51.597561 | N9: =IF(RIGHT(I9,5)="Total",VLOOKUP(I9,'BD Descarga'!$B:$I,6,0),SUMIFS('BD Descarga'!G:G,'BD Descarga'!D:D,'Recebimento Rodo - ALE'!K9,'BD Descarga'!C:C,'Recebimento Rodo - ALE'!J9,'BD Descarga'!B:B,'Recebimento Rodo - ALE'!I9,'BD Descarga'!A:A,'Recebimento Rodo - ALE'!H9)) -> 0.14393991 | O9: =IF(RIGHT(I9,5)="Total",VLOOKUP(I9,'BD Descarga'!$B:$I,7,0),SUMIFS('BD Descarga'!H:H,'BD Descarga'!D:D,'Recebimento Rodo - ALE'!K9,'BD Descarga'!C:C,'Recebimento Rodo - ALE'!J9,'BD Descarga'!B:B,'Recebimento Rodo - ALE'!I9,'BD Descarga'!A:A,'Recebimento Rodo - ALE'!H9)) -> 0 | P9: =IF(RIGHT(I9,5)="Total",VLOOKUP(I9,'BD Descarga'!$B:$I,8,0),SUMIFS('BD Descarga'!I:I,'BD Descarga'!D:D,'Recebimento Rodo - ALE'!K9,'BD Descarga'!C:C,'Recebimento Rodo - ALE'!J9,'BD Descarga'!B:B,'Recebimento Rodo - ALE'!I9,'BD Descarga'!A:A,'Recebimento Rodo - ALE'!H9)) -> 163.39286
B10: =I10 -> ACAILANDIA | C10: =RIGHT(I10,5) -> ANDIA | E10: =IF(RIGHT(I10,5)="Total",P10,0) -> 0 | F10: =CONCATENATE(G10,RIGHT(I10,5)) -> TerceirosANDIA | G10: =IFERROR(VLOOKUP(H10,[161]Detalhes!$G:$J,4,0),G9) -> Terceiros | H10: 33 | I10: ACAILANDIA | J10: VIBRA | K10: Etanol Anidro | M10: =IF(RIGHT(I10,5)="Total",VLOOKUP(I10,'BD Descarga'!$B:$I,5,0),SUMIFS('BD Descarga'!F:F,'BD Descarga'!D:D,'Recebimento Rodo - ALE'!K10,'BD Descarga'!C:C,'Recebimento Rodo - ALE'!J10,'BD Descarga'!B:B,'Recebimento Rodo - ALE'!I10,'BD Descarga'!A:A,'Recebimento Rodo - ALE'!H10)) -> 51.597561 | N10: =IF(RIGHT(I10,5)="Total",VLOOKUP(I10,'BD Descarga'!$B:$I,6,0),SUMIFS('BD Descarga'!G:G,'BD Descarga'!D:D,'Recebimento Rodo - ALE'!K10,'BD Descarga'!C:C,'Recebimento Rodo - ALE'!J10,'BD Descarga'!B:B,'Recebimento Rodo - ALE'!I10,'BD Descarga'!A:A,'Recebimento Rodo - ALE'!H10)) -> 0.44781304 | O10: =IF(RIGHT(I10,5)="Total",VLOOKUP(I10,'BD Descarga'!$B:$I,7,0),SUMIFS('BD Descarga'!H:H,'BD Descarga'!D:D,'Recebimento Rodo - ALE'!K10,'BD Descarga'!C:C,'Recebimento Rodo - ALE'!J10,'BD Descarga'!B:B,'Recebimento Rodo - ALE'!I10,'BD Descarga'!A:A,'Recebimento Rodo - ALE'!H10)) -> 0 | P10: =IF(RIGHT(I10,5)="Total",VLOOKUP(I10,'BD Descarga'!$B:$I,8,0),SUMIFS('BD Descarga'!I:I,'BD Descarga'!D:D,'Recebimento Rodo - ALE'!K10,'BD Descarga'!C:C,'Recebimento Rodo - ALE'!J10,'BD Descarga'!B:B,'Recebimento Rodo - ALE'!I10,'BD Descarga'!A:A,'Recebimento Rodo - ALE'!H10)) -> 508.33333
B11: =I11 -> ACAILANDIA | C11: =RIGHT(I11,5) -> ANDIA | E11: =IF(RIGHT(I11,5)="Total",P11,0) -> 0 | F11: =CONCATENATE(G11,RIGHT(I11,5)) -> TerceirosANDIA | G11: =IFERROR(VLOOKUP(H11,[161]Detalhes!$G:$J,4,0),G10) -> Terceiros | H11: 33 | I11: ACAILANDIA | J11: VIBRA | K11: Etanol Hidratado | M11: =IF(RIGHT(I11,5)="Total",VLOOKUP(I11,'BD Descarga'!$B:$I,5,0),SUMIFS('BD Descarga'!F:F,'BD Descarga'!D:D,'Recebimento Rodo - ALE'!K11,'BD Descarga'!C:C,'Recebimento Rodo - ALE'!J11,'BD Descarga'!B:B,'Recebimento Rodo - ALE'!I11,'BD Descarga'!A:A,'Recebimento Rodo - ALE'!H11)) -> 51.597561 | N11: =IF(RIGHT(I11,5)="Total",VLOOKUP(I11,'BD Descarga'!$B:$I,6,0),SUMIFS('BD Descarga'!G:G,'BD Descarga'!D:D,'Recebimento Rodo - ALE'!K11,'BD Descarga'!C:C,'Recebimento Rodo - ALE'!J11,'BD Descarga'!B:B,'Recebimento Rodo - ALE'!I11,'BD Descarga'!A:A,'Recebimento Rodo - ALE'!H11)) -> 0 | O11: =IF(RIGHT(I11,5)="Total",VLOOKUP(I11,'BD Descarga'!$B:$I,7,0),SUMIFS('BD Descarga'!H:H,'BD Descarga'!D:D,'Recebimento Rodo - ALE'!K11,'BD Descarga'!C:C,'Recebimento Rodo - ALE'!J11,'BD Descarga'!B:B,'Recebimento Rodo - ALE'!I11,'BD Descarga'!A:A,'Recebimento Rodo - ALE'!H11)) -> 0 | P11: =IF(RIGHT(I11,5)="Total",VLOOKUP(I11,'BD Descarga'!$B:$I,8,0),SUMIFS('BD Descarga'!I:I,'BD Descarga'!D:D,'Recebimento Rodo - ALE'!K11,'BD Descarga'!C:C,'Recebimento Rodo - ALE'!J11,'BD Descarga'!B:B,'Recebimento Rodo - ALE'!I11,'BD Descarga'!A:A,'Recebimento Rodo - ALE'!H11)) -> 0
B12: =I12 -> ACAILANDIA | C12: =RIGHT(I12,5) -> ANDIA | E12: =IF(RIGHT(I12,5)="Total",P12,0) -> 0 | F12: =CONCATENATE(G12,RIGHT(I12,5)) -> TerceirosANDIA | G12: =IFERROR(VLOOKUP(H12,[161]Detalhes!$G:$J,4,0),G11) -> Terceiros | H12: 33 | I12: ACAILANDIA | J12: VIBRA | K12: Biocombustíveis | M12: =IF(RIGHT(I12,5)="Total",VLOOKUP(I12,'BD Descarga'!$B:$I,5,0),SUMIFS('BD Descarga'!F:F,'BD Descarga'!D:D,'Recebimento Rodo - ALE'!K12,'BD Descarga'!C:C,'Recebimento Rodo - ALE'!J12,'BD Descarga'!B:B,'Recebimento Rodo - ALE'!I12,'BD Descarga'!A:A,'Recebimento Rodo - ALE'!H12)) -> 51.597561 | N12: =IF(RIGHT(I12,5)="Total",VLOOKUP(I12,'BD Descarga'!$B:$I,6,0),SUMIFS('BD Descarga'!G:G,'BD Descarga'!D:D,'Recebimento Rodo - ALE'!K12,'BD Descarga'!C:C,'Recebimento Rodo - ALE'!J12,'BD Descarga'!B:B,'Recebimento Rodo - ALE'!I12,'BD Descarga'!A:A,'Recebimento Rodo - ALE'!H12)) -> 0.59175294 | O12: =IF(RIGHT(I12,5)="Total",VLOOKUP(I12,'BD Descarga'!$B:$I,7,0),SUMIFS('BD Descarga'!H:H,'BD Descarga'!D:D,'Recebimento Rodo - ALE'!K12,'BD Descarga'!C:C,'Recebimento Rodo - ALE'!J12,'BD Descarga'!B:B,'Recebimento Rodo - ALE'!I12,'BD Descarga'!A:A,'Recebimento Rodo - ALE'!H12)) -> 0 | P12: =IF(RIGHT(I12,5)="Total",VLOOKUP(I12,'BD Descarga'!$B:$I,8,0),SUMIFS('BD Descarga'!I:I,'BD Descarga'!D:D,'Recebimento Rodo - ALE'!K12,'BD Descarga'!C:C,'Recebimento Rodo - ALE'!J12,'BD Descarga'!B:B,'Recebimento Rodo - ALE'!I12,'BD Descarga'!A:A,'Recebimento Rodo - ALE'!H12)) -> 671.72619
B13: =I13 -> ACAILANDIA | C13: =RIGHT(I13,5) -> ANDIA | E13: =IF(RIGHT(I13,5)="Total",P13,0) -> 0 | F13: =CONCATENATE(G13,RIGHT(I13,5)) -> TerceirosANDIA | G13: =IFERROR(VLOOKUP(H13,[161]Detalhes!$G:$J,4,0),G12) -> Terceiros | H13: 33 | I13: ACAILANDIA | J13: VIBRA Total | M13: =IF(RIGHT(I13,5)="Total",VLOOKUP(I13,'BD Descarga'!$B:$I,5,0),SUMIFS('BD Descarga'!F:F,'BD Descarga'!D:D,'Recebimento Rodo - ALE'!K13,'BD Descarga'!C:C,'Recebimento Rodo - ALE'!J13,'BD Descarga'!B:B,'Recebimento Rodo - ALE'!I13,'BD Descarga'!A:A,'Recebimento Rodo - ALE'!H13)) -> 0 | N13: =IF(RIGHT(I13,5)="Total",VLOOKUP(I13,'BD Descarga'!$B:$I,6,0),SUMIFS('BD Descarga'!G:G,'BD Descarga'!D:D,'Recebimento Rodo - ALE'!K13,'BD Descarga'!C:C,'Recebimento Rodo - ALE'!J13,'BD Descarga'!B:B,'Recebimento Rodo - ALE'!I13,'BD Descarga'!A:A,'Recebimento Rodo - ALE'!H13)) -> 0 | O13: =IF(RIGHT(I13,5)="Total",VLOOKUP(I13,'BD Descarga'!$B:$I,7,0),SUMIFS('BD Descarga'!H:H,'BD Descarga'!D:D,'Recebimento Rodo - ALE'!K13,'BD Descarga'!C:C,'Recebimento Rodo - ALE'!J13,'BD Descarga'!B:B,'Recebimento Rodo - ALE'!I13,'BD Descarga'!A:A,'Recebimento Rodo - ALE'!H13)) -> 0 | P13: =IF(RIGHT(I13,5)="Total",VLOOKUP(I13,'BD Descarga'!$B:$I,8,0),SUMIFS('BD Descarga'!I:I,'BD Descarga'!D:D,'Recebimento Rodo - ALE'!K13,'BD Descarga'!C:C,'Recebimento Rodo - ALE'!J13,'BD Descarga'!B:B,'Recebimento Rodo - ALE'!I13,'BD Descarga'!A:A,'Recebimento Rodo - ALE'!H13)) -> 0
B14: =I14 -> ACAILANDIA Total | C14: =RIGHT(I14,5) -> Total | D14: =VLOOKUP(E14,Resumo!C:E,3,0) -> 41 | E14: =IF(RIGHT(I14,5)="Total",P14,0) -> 1446.9345 | F14: =CONCATENATE(G14,RIGHT(I14,5)) -> TerceirosTotal | G14: =IFERROR(VLOOKUP(H14,[161]Detalhes!$G:$J,4,0),G13) -> Terceiros | H14: 33 | I14: ACAILANDIA Total | M14: =IF(RIGHT(I14,5)="Total",VLOOKUP(I14,'BD Descarga'!$B:$I,5,0),SUMIFS('BD Descarga'!F:F,'BD Descarga'!D:D,'Recebimento Rodo - ALE'!K14,'BD Descarga'!C:C,'Recebimento Rodo - ALE'!J14,'BD Descarga'!B:B,'Recebimento Rodo - ALE'!I14,'BD Descarga'!A:A,'Recebimento Rodo - ALE'!H14)) -> 51.597561 | N14: =IF(RIGHT(I14,5)="Total",VLOOKUP(I14,'BD Descarga'!$B:$I,6,0),SUMIFS('BD Descarga'!G:G,'BD Descarga'!D:D,'Recebimento Rodo - ALE'!K14,'BD Descarga'!C:C,'Recebimento Rodo - ALE'!J14,'BD Descarga'!B:B,'Recebimento Rodo - ALE'!I14,'BD Descarga'!A:A,'Recebimento Rodo - ALE'!H14)) -> 1.2746678 | O14: =IF(RIGHT(I14,5)="Total",VLOOKUP(I14,'BD Descarga'!$B:$I,7,0),SUMIFS('BD Descarga'!H:H,'BD Descarga'!D:D,'Recebimento Rodo - ALE'!K14,'BD Descarga'!C:C,'Recebimento Rodo - ALE'!J14,'BD Descarga'!B:B,'Recebimento Rodo - ALE'!I14,'BD Descarga'!A:A,'Recebimento Rodo - ALE'!H14)) -> 0 | P14: =IF(RIGHT(I14,5)="Total",VLOOKUP(I14,'BD Descarga'!$B:$I,8,0),SUMIFS('BD Descarga'!I:I,'BD Descarga'!D:D,'Recebimento Rodo - ALE'!K14,'BD Descarga'!C:C,'Recebimento Rodo - ALE'!J14,'BD Descarga'!B:B,'Recebimento Rodo - ALE'!I14,'BD Descarga'!A:A,'Recebimento Rodo - ALE'!H14)) -> 1446.9345
B15: =I15 -> ARAUCARIA | C15: =RIGHT(I15,5) -> CARIA | E15: =IF(RIGHT(I15,5)="Total",P15,0) -> 0 | F15: =CONCATENATE(G15,RIGHT(I15,5)) -> TerceirosCARIA | G15: =IFERROR(VLOOKUP(H15,[161]Detalhes!$G:$J,4,0),#REF!) -> Terceiros | H15: 18 | I15: ARAUCARIA | J15: SADIPE | K15: Gasolina A | M15: =IF(RIGHT(I15,5)="Total",VLOOKUP(I15,'BD Descarga'!$B:$I,5,0),SUMIFS('BD Descarga'!F:F,'BD Descarga'!D:D,'Recebimento Rodo - ALE'!K15,'BD Descarga'!C:C,'Recebimento Rodo - ALE'!J15,'BD Descarga'!B:B,'Recebimento Rodo - ALE'!I15,'BD Descarga'!A:A,'Recebimento Rodo - ALE'!H15)) -> 40.746067 | N15: =IF(RIGHT(I15,5)="Total",VLOOKUP(I15,'BD Descarga'!$B:$I,6,0),SUMIFS('BD Descarga'!G:G,'BD Descarga'!D:D,'Recebimento Rodo - ALE'!K15,'BD Descarga'!C:C,'Recebimento Rodo - ALE'!J15,'BD Descarga'!B:B,'Recebimento Rodo - ALE'!I15,'BD Descarga'!A:A,'Recebimento Rodo - ALE'!H15)) -> 0.72180498 | O15: =IF(RIGHT(I15,5)="Total",VLOOKUP(I15,'BD Descarga'!$B:$I,7,0),SUMIFS('BD Descarga'!H:H,'BD Descarga'!D:D,'Recebimento Rodo - ALE'!K15,'BD Descarga'!C:C,'Recebimento Rodo - ALE'!J15,'BD Descarga'!B:B,'Recebimento Rodo - ALE'!I15,'BD Descarga'!A:A,'Recebimento Rodo - ALE'!H15)) -> 0.24060166 | P15: =IF(RIGHT(I15,5)="Total",VLOOKUP(I15,'BD Descarga'!$B:$I,8,0),SUMIFS('BD Descarga'!I:I,'BD Descarga'!D:D,'Recebimento Rodo - ALE'!K15,'BD Descarga'!C:C,'Recebimento Rodo - ALE'!J15,'BD Descarga'!B:B,'Recebimento Rodo - ALE'!I15,'BD Descarga'!A:A,'Recebimento Rodo - ALE'!H15)) -> 686.25 | Q15: Ordem de Chegada Calculado conforme capacidade de movimentação Derivados - considerado 30% da capacidade, visto modal usual dutoviário
B16: =I16 -> ARAUCARIA | C16: =RIGHT(I16,5) -> CARIA | E16: =IF(RIGHT(I16,5)="Total",P16,0) -> 0 | F16: =CONCATENATE(G16,RIGHT(I16,5)) -> TerceirosCARIA | G16: =IFERROR(VLOOKUP(H16,[161]Detalhes!$G:$J,4,0),G15) -> Terceiros | H16: 18 | I16: ARAUCARIA | J16: SADIPE | K16: Diesel A S10 | M16: =IF(RIGHT(I16,5)="Total",VLOOKUP(I16,'BD Descarga'!$B:$I,5,0),SUMIFS('BD Descarga'!F:F,'BD Descarga'!D:D,'Recebimento Rodo - ALE'!K16,'BD Descarga'!C:C,'Recebimento Rodo - ALE'!J16,'BD Descarga'!B:B,'Recebimento Rodo - ALE'!I16,'BD Descarga'!A:A,'Recebimento Rodo - ALE'!H16)) -> 40.746067 | N16: =IF(RIGHT(I16,5)="Total",VLOOKUP(I16,'BD Descarga'!$B:$I,6,0),SUMIFS('BD Descarga'!G:G,'BD Descarga'!D:D,'Recebimento Rodo - ALE'!K16,'BD Descarga'!C:C,'Recebimento Rodo - ALE'!J16,'BD Descarga'!B:B,'Recebimento Rodo - ALE'!I16,'BD Descarga'!A:A,'Recebimento Rodo - ALE'!H16)) -> 0.60150415 | O16: =IF(RIGHT(I16,5)="Total",VLOOKUP(I16,'BD Descarga'!$B:$I,7,0),SUMIFS('BD Descarga'!H:H,'BD Descarga'!D:D,'Recebimento Rodo - ALE'!K16,'BD Descarga'!C:C,'Recebimento Rodo - ALE'!J16,'BD Descarga'!B:B,'Recebimento Rodo - ALE'!I16,'BD Descarga'!A:A,'Recebimento Rodo - ALE'!H16)) -> 0.20050138 | P16: =IF(RIGHT(I16,5)="Total",VLOOKUP(I16,'BD Descarga'!$B:$I,8,0),SUMIFS('BD Descarga'!I:I,'BD Descarga'!D:D,'Recebimento Rodo - ALE'!K16,'BD Descarga'!C:C,'Recebimento Rodo - ALE'!J16,'BD Descarga'!B:B,'Recebimento Rodo - ALE'!I16,'BD Descarga'!A:A,'Recebimento Rodo - ALE'!H16)) -> 571.875
B17: =I17 -> ARAUCARIA | C17: =RIGHT(I17,5) -> CARIA | E17: =IF(RIGHT(I17,5)="Total",P17,0) -> 0 | F17: =CONCATENATE(G17,RIGHT(I17,5)) -> TerceirosCARIA | G17: =IFERROR(VLOOKUP(H17,[161]Detalhes!$G:$J,4,0),G16) -> Terceiros | H17: 18 | I17: ARAUCARIA | J17: SADIPE | K17: Diesel A S500 | M17: =IF(RIGHT(I17,5)="Total",VLOOKUP(I17,'BD Descarga'!$B:$I,5,0),SUMIFS('BD Descarga'!F:F,'BD Descarga'!D:D,'Recebimento Rodo - ALE'!K17,'BD Descarga'!C:C,'Recebimento Rodo - ALE'!J17,'BD Descarga'!B:B,'Recebimento Rodo - ALE'!I17,'BD Descarga'!A:A,'Recebimento Rodo - ALE'!H17)) -> 40.746067 | N17: =IF(RIGHT(I17,5)="Total",VLOOKUP(I17,'BD Descarga'!$B:$I,6,0),SUMIFS('BD Descarga'!G:G,'BD Descarga'!D:D,'Recebimento Rodo - ALE'!K17,'BD Descarga'!C:C,'Recebimento Rodo - ALE'!J17,'BD Descarga'!B:B,'Recebimento Rodo - ALE'!I17,'BD Descarga'!A:A,'Recebimento Rodo - ALE'!H17)) -> 1.0426072 | O17: =IF(RIGHT(I17,5)="Total",VLOOKUP(I17,'BD Descarga'!$B:$I,7,0),SUMIFS('BD Descarga'!H:H,'BD Descarga'!D:D,'Recebimento Rodo - ALE'!K17,'BD Descarga'!C:C,'Recebimento Rodo - ALE'!J17,'BD Descarga'!B:B,'Recebimento Rodo - ALE'!I17,'BD Descarga'!A:A,'Recebimento Rodo - ALE'!H17)) -> 0.34753573 | P17: =IF(RIGHT(I17,5)="Total",VLOOKUP(I17,'BD Descarga'!$B:$I,8,0),SUMIFS('BD Descarga'!I:I,'BD Descarga'!D:D,'Recebimento Rodo - ALE'!K17,'BD Descarga'!C:C,'Recebimento Rodo - ALE'!J17,'BD Descarga'!B:B,'Recebimento Rodo - ALE'!I17,'BD Descarga'!A:A,'Recebimento Rodo - ALE'!H17)) -> 991.25
B18: =I18 -> ARAUCARIA | C18: =RIGHT(I18,5) -> CARIA | E18: =IF(RIGHT(I18,5)="Total",P18,0) -> 0 | F18: =CONCATENATE(G18,RIGHT(I18,5)) -> TerceirosCARIA | G18: =IFERROR(VLOOKUP(H18,[161]Detalhes!$G:$J,4,0),G17) -> Terceiros | H18: 18 | I18: ARAUCARIA | J18: SADIPE | K18: Derivados | M18: =IF(RIGHT(I18,5)="Total",VLOOKUP(I18,'BD Descarga'!$B:$I,5,0),SUMIFS('BD Descarga'!F:F,'BD Descarga'!D:D,'Recebimento Rodo - ALE'!K18,'BD Descarga'!C:C,'Recebimento Rodo - ALE'!J18,'BD Descarga'!B:B,'Recebimento Rodo - ALE'!I18,'BD Descarga'!A:A,'Recebimento Rodo - ALE'!H18)) -> 40.746067 | N18: =IF(RIGHT(I18,5)="Total",VLOOKUP(I18,'BD Descarga'!$B:$I,6,0),SUMIFS('BD Descarga'!G:G,'BD Descarga'!D:D,'Recebimento Rodo - ALE'!K18,'BD Descarga'!C:C,'Recebimento Rodo - ALE'!J18,'BD Descarga'!B:B,'Recebimento Rodo - ALE'!I18,'BD Descarga'!A:A,'Recebimento Rodo - ALE'!H18)) -> 2.3659163 | O18: =IF(RIGHT(I18,5)="Total",VLOOKUP(I18,'BD Descarga'!$B:$I,7,0),SUMIFS('BD Descarga'!H:H,'BD Descarga'!D:D,'Recebimento Rodo - ALE'!K18,'BD Descarga'!C:C,'Recebimento Rodo - ALE'!J18,'BD Descarga'!B:B,'Recebimento Rodo - ALE'!I18,'BD Descarga'!A:A,'Recebimento Rodo - ALE'!H18)) -> 0.78863878 | P18: =IF(RIGHT(I18,5)="Total",VLOOKUP(I18,'BD Descarga'!$B:$I,8,0),SUMIFS('BD Descarga'!I:I,'BD Descarga'!D:D,'Recebimento Rodo - ALE'!K18,'BD Descarga'!C:C,'Recebimento Rodo - ALE'!J18,'BD Descarga'!B:B,'Recebimento Rodo - ALE'!I18,'BD Descarga'!A:A,'Recebimento Rodo - ALE'!H18)) -> 2249.375 | S18: 2 - Bases com operações em 3º's: Informações construídas a partir dos dados encaminhados pela Operações.
B19: =I19 -> ARAUCARIA | C19: =RIGHT(I19,5) -> CARIA | E19: =IF(RIGHT(I19,5)="Total",P19,0) -> 0 | F19: =CONCATENATE(G19,RIGHT(I19,5)) -> TerceirosCARIA | G19: =IFERROR(VLOOKUP(H19,[161]Detalhes!$G:$J,4,0),G18) -> Terceiros | H19: 18 | I19: ARAUCARIA | J19: SADIPE | K19: B100 | M19: =IF(RIGHT(I19,5)="Total",VLOOKUP(I19,'BD Descarga'!$B:$I,5,0),SUMIFS('BD Descarga'!F:F,'BD Descarga'!D:D,'Recebimento Rodo - ALE'!K19,'BD Descarga'!C:C,'Recebimento Rodo - ALE'!J19,'BD Descarga'!B:B,'Recebimento Rodo - ALE'!I19,'BD Descarga'!A:A,'Recebimento Rodo - ALE'!H19)) -> 40.746067 | N19: =IF(RIGHT(I19,5)="Total",VLOOKUP(I19,'BD Descarga'!$B:$I,6,0),SUMIFS('BD Descarga'!G:G,'BD Descarga'!D:D,'Recebimento Rodo - ALE'!K19,'BD Descarga'!C:C,'Recebimento Rodo - ALE'!J19,'BD Descarga'!B:B,'Recebimento Rodo - ALE'!I19,'BD Descarga'!A:A,'Recebimento Rodo - ALE'!H19)) -> 1.2030083 | O19: =IF(RIGHT(I19,5)="Total",VLOOKUP(I19,'BD Descarga'!$B:$I,7,0),SUMIFS('BD Descarga'!H:H,'BD Descarga'!D:D,'Recebimento Rodo - ALE'!K19,'BD Descarga'!C:C,'Recebimento Rodo - ALE'!J19,'BD Descarga'!B:B,'Recebimento Rodo - ALE'!I19,'BD Descarga'!A:A,'Recebimento Rodo - ALE'!H19)) -> 0.40100277 | P19: =IF(RIGHT(I19,5)="Total",VLOOKUP(I19,'BD Descarga'!$B:$I,8,0),SUMIFS('BD Descarga'!I:I,'BD Descarga'!D:D,'Recebimento Rodo - ALE'!K19,'BD Descarga'!C:C,'Recebimento Rodo - ALE'!J19,'BD Descarga'!B:B,'Recebimento Rodo - ALE'!I19,'BD Descarga'!A:A,'Recebimento Rodo - ALE'!H19)) -> 1143.75
B20: =I20 -> ARAUCARIA | C20: =RIGHT(I20,5) -> CARIA | E20: =IF(RIGHT(I20,5)="Total",P20,0) -> 0 | F20: =CONCATENATE(G20,RIGHT(I20,5)) -> TerceirosCARIA | G20: =IFERROR(VLOOKUP(H20,[161]Detalhes!$G:$J,4,0),G19) -> Terceiros | H20: 18 | I20: ARAUCARIA | J20: SADIPE | K20: Etanol Anidro | M20: =IF(RIGHT(I20,5)="Total",VLOOKUP(I20,'BD Descarga'!$B:$I,5,0),SUMIFS('BD Descarga'!F:F,'BD Descarga'!D:D,'Recebimento Rodo - ALE'!K20,'BD Descarga'!C:C,'Recebimento Rodo - ALE'!J20,'BD Descarga'!B:B,'Recebimento Rodo - ALE'!I20,'BD Descarga'!A:A,'Recebimento Rodo - ALE'!H20)) -> 40.746067 | N20: =IF(RIGHT(I20,5)="Total",VLOOKUP(I20,'BD Descarga'!$B:$I,6,0),SUMIFS('BD Descarga'!G:G,'BD Descarga'!D:D,'Recebimento Rodo - ALE'!K20,'BD Descarga'!C:C,'Recebimento Rodo - ALE'!J20,'BD Descarga'!B:B,'Recebimento Rodo - ALE'!I20,'BD Descarga'!A:A,'Recebimento Rodo - ALE'!H20)) -> 1.3366759 | O20: =IF(RIGHT(I20,5)="Total",VLOOKUP(I20,'BD Descarga'!$B:$I,7,0),SUMIFS('BD Descarga'!H:H,'BD Descarga'!D:D,'Recebimento Rodo - ALE'!K20,'BD Descarga'!C:C,'Recebimento Rodo - ALE'!J20,'BD Descarga'!B:B,'Recebimento Rodo - ALE'!I20,'BD Descarga'!A:A,'Recebimento Rodo - ALE'!H20)) -> 0.44555863 | P20: =IF(RIGHT(I20,5)="Total",VLOOKUP(I20,'BD Descarga'!$B:$I,8,0),SUMIFS('BD Descarga'!I:I,'BD Descarga'!D:D,'Recebimento Rodo - ALE'!K20,'BD Descarga'!C:C,'Recebimento Rodo - ALE'!J20,'BD Descarga'!B:B,'Recebimento Rodo - ALE'!I20,'BD Descarga'!A:A,'Recebimento Rodo - ALE'!H20)) -> 1270.8333
B21: =I21 -> ARAUCARIA | C21: =RIGHT(I21,5) -> CARIA | E21: =IF(RIGHT(I21,5)="Total",P21,0) -> 0 | F21: =CONCATENATE(G21,RIGHT(I21,5)) -> TerceirosCARIA | G21: =IFERROR(VLOOKUP(H21,[161]Detalhes!$G:$J,4,0),G20) -> Terceiros | H21: 18 | I21: ARAUCARIA | J21: SADIPE | K21: Etanol Hidratado | M21: =IF(RIGHT(I21,5)="Total",VLOOKUP(I21,'BD Descarga'!$B:$I,5,0),SUMIFS('BD Descarga'!F:F,'BD Descarga'!D:D,'Recebimento Rodo - ALE'!K21,'BD Descarga'!C:C,'Recebimento Rodo - ALE'!J21,'BD Descarga'!B:B,'Recebimento Rodo - ALE'!I21,'BD Descarga'!A:A,'Recebimento Rodo - ALE'!H21)) -> 40.746067 | N21: =IF(RIGHT(I21,5)="Total",VLOOKUP(I21,'BD Descarga'!$B:$I,6,0),SUMIFS('BD Descarga'!G:G,'BD Descarga'!D:D,'Recebimento Rodo - ALE'!K21,'BD Descarga'!C:C,'Recebimento Rodo - ALE'!J21,'BD Descarga'!B:B,'Recebimento Rodo - ALE'!I21,'BD Descarga'!A:A,'Recebimento Rodo - ALE'!H21)) -> 1.0693407 | O21: =IF(RIGHT(I21,5)="Total",VLOOKUP(I21,'BD Descarga'!$B:$I,7,0),SUMIFS('BD Descarga'!H:H,'BD Descarga'!D:D,'Recebimento Rodo - ALE'!K21,'BD Descarga'!C:C,'Recebimento Rodo - ALE'!J21,'BD Descarga'!B:B,'Recebimento Rodo - ALE'!I21,'BD Descarga'!A:A,'Recebimento Rodo - ALE'!H21)) -> 0.35644691 | P21: =IF(RIGHT(I21,5)="Total",VLOOKUP(I21,'BD Descarga'!$B:$I,8,0),SUMIFS('BD Descarga'!I:I,'BD Descarga'!D:D,'Recebimento Rodo - ALE'!K21,'BD Descarga'!C:C,'Recebimento Rodo - ALE'!J21,'BD Descarga'!B:B,'Recebimento Rodo - ALE'!I21,'BD Descarga'!A:A,'Recebimento Rodo - ALE'!H21)) -> 1016.6667 | S21: 2.1 - Bases considerando o nº de janelas disponíveis informadas para operação ALE:
B22: =I22 -> ARAUCARIA | C22: =RIGHT(I22,5) -> CARIA | E22: =IF(RIGHT(I22,5)="Total",P22,0) -> 0 | F22: =CONCATENATE(G22,RIGHT(I22,5)) -> TerceirosCARIA | G22: =IFERROR(VLOOKUP(H22,[161]Detalhes!$G:$J,4,0),G21) -> Terceiros | H22: 18 | I22: ARAUCARIA | J22: SADIPE | K22: Biocombustíveis | M22: =IF(RIGHT(I22,5)="Total",VLOOKUP(I22,'BD Descarga'!$B:$I,5,0),SUMIFS('BD Descarga'!F:F,'BD Descarga'!D:D,'Recebimento Rodo - ALE'!K22,'BD Descarga'!C:C,'Recebimento Rodo - ALE'!J22,'BD Descarga'!B:B,'Recebimento Rodo - ALE'!I22,'BD Descarga'!A:A,'Recebimento Rodo - ALE'!H22)) -> 40.746067 | N22: =IF(RIGHT(I22,5)="Total",VLOOKUP(I22,'BD Descarga'!$B:$I,6,0),SUMIFS('BD Descarga'!G:G,'BD Descarga'!D:D,'Recebimento Rodo - ALE'!K22,'BD Descarga'!C:C,'Recebimento Rodo - ALE'!J22,'BD Descarga'!B:B,'Recebimento Rodo - ALE'!I22,'BD Descarga'!A:A,'Recebimento Rodo - ALE'!H22)) -> 3.6090249 | O22: =IF(RIGHT(I22,5)="Total",VLOOKUP(I22,'BD Descarga'!$B:$I,7,0),SUMIFS('BD Descarga'!H:H,'BD Descarga'!D:D,'Recebimento Rodo - ALE'!K22,'BD Descarga'!C:C,'Recebimento Rodo - ALE'!J22,'BD Descarga'!B:B,'Recebimento Rodo - ALE'!I22,'BD Descarga'!A:A,'Recebimento Rodo - ALE'!H22)) -> 1.2030083 | P22: =IF(RIGHT(I22,5)="Total",VLOOKUP(I22,'BD Descarga'!$B:$I,8,0),SUMIFS('BD Descarga'!I:I,'BD Descarga'!D:D,'Recebimento Rodo - ALE'!K22,'BD Descarga'!C:C,'Recebimento Rodo - ALE'!J22,'BD Descarga'!B:B,'Recebimento Rodo - ALE'!I22,'BD Descarga'!A:A,'Recebimento Rodo - ALE'!H22)) -> 3431.25
B23: =I23 -> ARAUCARIA | C23: =RIGHT(I23,5) -> CARIA | E23: =IF(RIGHT(I23,5)="Total",P23,0) -> 0 | F23: =CONCATENATE(G23,RIGHT(I23,5)) -> TerceirosCARIA | G23: =IFERROR(VLOOKUP(H23,[161]Detalhes!$G:$J,4,0),G22) -> Terceiros | H23: 18 | I23: ARAUCARIA | J23: SADIPE Total | M23: =IF(RIGHT(I23,5)="Total",VLOOKUP(I23,'BD Descarga'!$B:$I,5,0),SUMIFS('BD Descarga'!F:F,'BD Descarga'!D:D,'Recebimento Rodo - ALE'!K23,'BD Descarga'!C:C,'Recebimento Rodo - ALE'!J23,'BD Descarga'!B:B,'Recebimento Rodo - ALE'!I23,'BD Descarga'!A:A,'Recebimento Rodo - ALE'!H23)) -> 0 | N23: =IF(RIGHT(I23,5)="Total",VLOOKUP(I23,'BD Descarga'!$B:$I,6,0),SUMIFS('BD Descarga'!G:G,'BD Descarga'!D:D,'Recebimento Rodo - ALE'!K23,'BD Descarga'!C:C,'Recebimento Rodo - ALE'!J23,'BD Descarga'!B:B,'Recebimento Rodo - ALE'!I23,'BD Descarga'!A:A,'Recebimento Rodo - ALE'!H23)) -> 0 | O23: =IF(RIGHT(I23,5)="Total",VLOOKUP(I23,'BD Descarga'!$B:$I,7,0),SUMIFS('BD Descarga'!H:H,'BD Descarga'!D:D,'Recebimento Rodo - ALE'!K23,'BD Descarga'!C:C,'Recebimento Rodo - ALE'!J23,'BD Descarga'!B:B,'Recebimento Rodo - ALE'!I23,'BD Descarga'!A:A,'Recebimento Rodo - ALE'!H23)) -> 0 | P23: =IF(RIGHT(I23,5)="Total",VLOOKUP(I23,'BD Descarga'!$B:$I,8,0),SUMIFS('BD Descarga'!I:I,'BD Descarga'!D:D,'Recebimento Rodo - ALE'!K23,'BD Descarga'!C:C,'Recebimento Rodo - ALE'!J23,'BD Descarga'!B:B,'Recebimento Rodo - ALE'!I23,'BD Descarga'!A:A,'Recebimento Rodo - ALE'!H23)) -> 0 | S23: Uberaba | T23: Uberlândia | U23: Paulínia | V23: Vitória | W23: Cubatão | X23: Jequié | Y23: Itabuna
B24: =I24 -> ARAUCARIA | C24: =RIGHT(I24,5) -> CARIA | E24: =IF(RIGHT(I24,5)="Total",P24,0) -> 0 | F24: =CONCATENATE(G24,RIGHT(I24,5)) -> TerceirosCARIA | G24: =IFERROR(VLOOKUP(H24,[161]Detalhes!$G:$J,4,0),G23) -> Terceiros | H24: 18 | I24: ARAUCARIA | J24: IDAZA | K24: Gasolina A | M24: =IF(RIGHT(I24,5)="Total",VLOOKUP(I24,'BD Descarga'!$B:$I,5,0),SUMIFS('BD Descarga'!F:F,'BD Descarga'!D:D,'Recebimento Rodo - ALE'!K24,'BD Descarga'!C:C,'Recebimento Rodo - ALE'!J24,'BD Descarga'!B:B,'Recebimento Rodo - ALE'!I24,'BD Descarga'!A:A,'Recebimento Rodo - ALE'!H24)) -> 40.746067 | N24: =IF(RIGHT(I24,5)="Total",VLOOKUP(I24,'BD Descarga'!$B:$I,6,0),SUMIFS('BD Descarga'!G:G,'BD Descarga'!D:D,'Recebimento Rodo - ALE'!K24,'BD Descarga'!C:C,'Recebimento Rodo - ALE'!J24,'BD Descarga'!B:B,'Recebimento Rodo - ALE'!I24,'BD Descarga'!A:A,'Recebimento Rodo - ALE'!H24)) -> 0.40100277 | O24: =IF(RIGHT(I24,5)="Total",VLOOKUP(I24,'BD Descarga'!$B:$I,7,0),SUMIFS('BD Descarga'!H:H,'BD Descarga'!D:D,'Recebimento Rodo - ALE'!K24,'BD Descarga'!C:C,'Recebimento Rodo - ALE'!J24,'BD Descarga'!B:B,'Recebimento Rodo - ALE'!I24,'BD Descarga'!A:A,'Recebimento Rodo - ALE'!H24)) -> 0.13366759 | P24: =IF(RIGHT(I24,5)="Total",VLOOKUP(I24,'BD Descarga'!$B:$I,8,0),SUMIFS('BD Descarga'!I:I,'BD Descarga'!D:D,'Recebimento Rodo - ALE'!K24,'BD Descarga'!C:C,'Recebimento Rodo - ALE'!J24,'BD Descarga'!B:B,'Recebimento Rodo - ALE'!I24,'BD Descarga'!A:A,'Recebimento Rodo - ALE'!H24)) -> 381.25 | Q24: Ordem de Chegada Calculado conforme capacidade de movimentação Derivados - considerado 30% da capacidade, visto modal usual dutoviário | S24: S. Franc Conde | T24: Biguaçu | U24: Belém | V24: São Luis | W24: Sarandi | X24: Bauru | Y24: Teresina
B25: =I25 -> ARAUCARIA | C25: =RIGHT(I25,5) -> CARIA | E25: =IF(RIGHT(I25,5)="Total",P25,0) -> 0 | F25: =CONCATENATE(G25,RIGHT(I25,5)) -> TerceirosCARIA | G25: =IFERROR(VLOOKUP(H25,[161]Detalhes!$G:$J,4,0),G24) -> Terceiros | H25: 18 | I25: ARAUCARIA | J25: IDAZA | K25: Diesel A S10 | M25: =IF(RIGHT(I25,5)="Total",VLOOKUP(I25,'BD Descarga'!$B:$I,5,0),SUMIFS('BD Descarga'!F:F,'BD Descarga'!D:D,'Recebimento Rodo - ALE'!K25,'BD Descarga'!C:C,'Recebimento Rodo - ALE'!J25,'BD Descarga'!B:B,'Recebimento Rodo - ALE'!I25,'BD Descarga'!A:A,'Recebimento Rodo - ALE'!H25)) -> 40.746067 | N25: =IF(RIGHT(I25,5)="Total",VLOOKUP(I25,'BD Descarga'!$B:$I,6,0),SUMIFS('BD Descarga'!G:G,'BD Descarga'!D:D,'Recebimento Rodo - ALE'!K25,'BD Descarga'!C:C,'Recebimento Rodo - ALE'!J25,'BD Descarga'!B:B,'Recebimento Rodo - ALE'!I25,'BD Descarga'!A:A,'Recebimento Rodo - ALE'!H25)) -> 0.28070194 | O25: =IF(RIGHT(I25,5)="Total",VLOOKUP(I25,'BD Descarga'!$B:$I,7,0),SUMIFS('BD Descarga'!H:H,'BD Descarga'!D:D,'Recebimento Rodo - ALE'!K25,'BD Descarga'!C:C,'Recebimento Rodo - ALE'!J25,'BD Descarga'!B:B,'Recebimento Rodo - ALE'!I25,'BD Descarga'!A:A,'Recebimento Rodo - ALE'!H25)) -> 0.093567313 | P25: =IF(RIGHT(I25,5)="Total",VLOOKUP(I25,'BD Descarga'!$B:$I,8,0),SUMIFS('BD Descarga'!I:I,'BD Descarga'!D:D,'Recebimento Rodo - ALE'!K25,'BD Descarga'!C:C,'Recebimento Rodo - ALE'!J25,'BD Descarga'!B:B,'Recebimento Rodo - ALE'!I25,'BD Descarga'!A:A,'Recebimento Rodo - ALE'!H25)) -> 266.875 | S25: 2.2 - Bases considerando a capacidade de movimentação visto ter o modelo de ordem de chegada :
B26: =I26 -> ARAUCARIA | C26: =RIGHT(I26,5) -> CARIA | E26: =IF(RIGHT(I26,5)="Total",P26,0) -> 0 | F26: =CONCATENATE(G26,RIGHT(I26,5)) -> TerceirosCARIA | G26: =IFERROR(VLOOKUP(H26,[161]Detalhes!$G:$J,4,0),G25) -> Terceiros | H26: 18 | I26: ARAUCARIA | J26: IDAZA | K26: Diesel A S500 | M26: =IF(RIGHT(I26,5)="Total",VLOOKUP(I26,'BD Descarga'!$B:$I,5,0),SUMIFS('BD Descarga'!F:F,'BD Descarga'!D:D,'Recebimento Rodo - ALE'!K26,'BD Descarga'!C:C,'Recebimento Rodo - ALE'!J26,'BD Descarga'!B:B,'Recebimento Rodo - ALE'!I26,'BD Descarga'!A:A,'Recebimento Rodo - ALE'!H26)) -> 40.746067 | N26: =IF(RIGHT(I26,5)="Total",VLOOKUP(I26,'BD Descarga'!$B:$I,6,0),SUMIFS('BD Descarga'!G:G,'BD Descarga'!D:D,'Recebimento Rodo - ALE'!K26,'BD Descarga'!C:C,'Recebimento Rodo - ALE'!J26,'BD Descarga'!B:B,'Recebimento Rodo - ALE'!I26,'BD Descarga'!A:A,'Recebimento Rodo - ALE'!H26)) -> 0.40100277 | O26: =IF(RIGHT(I26,5)="Total",VLOOKUP(I26,'BD Descarga'!$B:$I,7,0),SUMIFS('BD Descarga'!H:H,'BD Descarga'!D:D,'Recebimento Rodo - ALE'!K26,'BD Descarga'!C:C,'Recebimento Rodo - ALE'!J26,'BD Descarga'!B:B,'Recebimento Rodo - ALE'!I26,'BD Descarga'!A:A,'Recebimento Rodo - ALE'!H26)) -> 0.13366759 | P26: =IF(RIGHT(I26,5)="Total",VLOOKUP(I26,'BD Descarga'!$B:$I,8,0),SUMIFS('BD Descarga'!I:I,'BD Descarga'!D:D,'Recebimento Rodo - ALE'!K26,'BD Descarga'!C:C,'Recebimento Rodo - ALE'!J26,'BD Descarga'!B:B,'Recebimento Rodo - ALE'!I26,'BD Descarga'!A:A,'Recebimento Rodo - ALE'!H26)) -> 381.25
B27: =I27 -> ARAUCARIA | C27: =RIGHT(I27,5) -> CARIA | E27: =IF(RIGHT(I27,5)="Total",P27,0) -> 0 | F27: =CONCATENATE(G27,RIGHT(I27,5)) -> TerceirosCARIA | G27: =IFERROR(VLOOKUP(H27,[161]Detalhes!$G:$J,4,0),G26) -> Terceiros | H27: 18 | I27: ARAUCARIA | J27: IDAZA | K27: Derivados | M27: =IF(RIGHT(I27,5)="Total",VLOOKUP(I27,'BD Descarga'!$B:$I,5,0),SUMIFS('BD Descarga'!F:F,'BD Descarga'!D:D,'Recebimento Rodo - ALE'!K27,'BD Descarga'!C:C,'Recebimento Rodo - ALE'!J27,'BD Descarga'!B:B,'Recebimento Rodo - ALE'!I27,'BD Descarga'!A:A,'Recebimento Rodo - ALE'!H27)) -> 40.746067 | N27: =IF(RIGHT(I27,5)="Total",VLOOKUP(I27,'BD Descarga'!$B:$I,6,0),SUMIFS('BD Descarga'!G:G,'BD Descarga'!D:D,'Recebimento Rodo - ALE'!K27,'BD Descarga'!C:C,'Recebimento Rodo - ALE'!J27,'BD Descarga'!B:B,'Recebimento Rodo - ALE'!I27,'BD Descarga'!A:A,'Recebimento Rodo - ALE'!H27)) -> 1.0827075 | O27: =IF(RIGHT(I27,5)="Total",VLOOKUP(I27,'BD Descarga'!$B:$I,7,0),SUMIFS('BD Descarga'!H:H,'BD Descarga'!D:D,'Recebimento Rodo - ALE'!K27,'BD Descarga'!C:C,'Recebimento Rodo - ALE'!J27,'BD Descarga'!B:B,'Recebimento Rodo - ALE'!I27,'BD Descarga'!A:A,'Recebimento Rodo - ALE'!H27)) -> 0.36090249 | P27: =IF(RIGHT(I27,5)="Total",VLOOKUP(I27,'BD Descarga'!$B:$I,8,0),SUMIFS('BD Descarga'!I:I,'BD Descarga'!D:D,'Recebimento Rodo - ALE'!K27,'BD Descarga'!C:C,'Recebimento Rodo - ALE'!J27,'BD Descarga'!B:B,'Recebimento Rodo - ALE'!I27,'BD Descarga'!A:A,'Recebimento Rodo - ALE'!H27)) -> 1029.375 | S27: S. Caet Sul | T27: Araucária | U27: S. J. Campos | V27: Ipojuca | W27: Cabedelo | X27: Fortaleza | Y27: Crato
B28: =I28 -> ARAUCARIA | C28: =RIGHT(I28,5) -> CARIA | E28: =IF(RIGHT(I28,5)="Total",P28,0) -> 0 | F28: =CONCATENATE(G28,RIGHT(I28,5)) -> TerceirosCARIA | G28: =IFERROR(VLOOKUP(H28,[161]Detalhes!$G:$J,4,0),G27) -> Terceiros | H28: 18 | I28: ARAUCARIA | J28: IDAZA | K28: B100 | M28: =IF(RIGHT(I28,5)="Total",VLOOKUP(I28,'BD Descarga'!$B:$I,5,0),SUMIFS('BD Descarga'!F:F,'BD Descarga'!D:D,'Recebimento Rodo - ALE'!K28,'BD Descarga'!C:C,'Recebimento Rodo - ALE'!J28,'BD Descarga'!B:B,'Recebimento Rodo - ALE'!I28,'BD Descarga'!A:A,'Recebimento Rodo - ALE'!H28)) -> 40.746067 | N28: =IF(RIGHT(I28,5)="Total",VLOOKUP(I28,'BD Descarga'!$B:$I,6,0),SUMIFS('BD Descarga'!G:G,'BD Descarga'!D:D,'Recebimento Rodo - ALE'!K28,'BD Descarga'!C:C,'Recebimento Rodo - ALE'!J28,'BD Descarga'!B:B,'Recebimento Rodo - ALE'!I28,'BD Descarga'!A:A,'Recebimento Rodo - ALE'!H28)) -> 0.26733518 | O28: =IF(RIGHT(I28,5)="Total",VLOOKUP(I28,'BD Descarga'!$B:$I,7,0),SUMIFS('BD Descarga'!H:H,'BD Descarga'!D:D,'Recebimento Rodo - ALE'!K28,'BD Descarga'!C:C,'Recebimento Rodo - ALE'!J28,'BD Descarga'!B:B,'Recebimento Rodo - ALE'!I28,'BD Descarga'!A:A,'Recebimento Rodo - ALE'!H28)) -> 0.089111726 | P28: =IF(RIGHT(I28,5)="Total",VLOOKUP(I28,'BD Descarga'!$B:$I,8,0),SUMIFS('BD Descarga'!I:I,'BD Descarga'!D:D,'Recebimento Rodo - ALE'!K28,'BD Descarga'!C:C,'Recebimento Rodo - ALE'!J28,'BD Descarga'!B:B,'Recebimento Rodo - ALE'!I28,'BD Descarga'!A:A,'Recebimento Rodo - ALE'!H28)) -> 254.16667 | S28: Açailandia | T28: Maceíó | U28: MOC | V28: Itajaí | W28: Canoas | X28: Goval | Y28: Lages
B29: =I29 -> ARAUCARIA | C29: =RIGHT(I29,5) -> CARIA | E29: =IF(RIGHT(I29,5)="Total",P29,0) -> 0 | F29: =CONCATENATE(G29,RIGHT(I29,5)) -> TerceirosCARIA | G29: =IFERROR(VLOOKUP(H29,[161]Detalhes!$G:$J,4,0),G28) -> Terceiros | H29: 18 | I29: ARAUCARIA | J29: IDAZA | K29: Etanol Anidro | M29: =IF(RIGHT(I29,5)="Total",VLOOKUP(I29,'BD Descarga'!$B:$I,5,0),SUMIFS('BD Descarga'!F:F,'BD Descarga'!D:D,'Recebimento Rodo - ALE'!K29,'BD Descarga'!C:C,'Recebimento Rodo - ALE'!J29,'BD Descarga'!B:B,'Recebimento Rodo - ALE'!I29,'BD Descarga'!A:A,'Recebimento Rodo - ALE'!H29)) -> 40.746067 | N29: =IF(RIGHT(I29,5)="Total",VLOOKUP(I29,'BD Descarga'!$B:$I,6,0),SUMIFS('BD Descarga'!G:G,'BD Descarga'!D:D,'Recebimento Rodo - ALE'!K29,'BD Descarga'!C:C,'Recebimento Rodo - ALE'!J29,'BD Descarga'!B:B,'Recebimento Rodo - ALE'!I29,'BD Descarga'!A:A,'Recebimento Rodo - ALE'!H29)) -> 0.66833795 | O29: =IF(RIGHT(I29,5)="Total",VLOOKUP(I29,'BD Descarga'!$B:$I,7,0),SUMIFS('BD Descarga'!H:H,'BD Descarga'!D:D,'Recebimento Rodo - ALE'!K29,'BD Descarga'!C:C,'Recebimento Rodo - ALE'!J29,'BD Descarga'!B:B,'Recebimento Rodo - ALE'!I29,'BD Descarga'!A:A,'Recebimento Rodo - ALE'!H29)) -> 0.22277932 | P29: =IF(RIGHT(I29,5)="Total",VLOOKUP(I29,'BD Descarga'!$B:$I,8,0),SUMIFS('BD Descarga'!I:I,'BD Descarga'!D:D,'Recebimento Rodo - ALE'!K29,'BD Descarga'!C:C,'Recebimento Rodo - ALE'!J29,'BD Descarga'!B:B,'Recebimento Rodo - ALE'!I29,'BD Descarga'!A:A,'Recebimento Rodo - ALE'!H29)) -> 635.41667 | S29: Rondo | T29: Rio Grande
B30: =I30 -> ARAUCARIA | C30: =RIGHT(I30,5) -> CARIA | E30: =IF(RIGHT(I30,5)="Total",P30,0) -> 0 | F30: =CONCATENATE(G30,RIGHT(I30,5)) -> TerceirosCARIA | G30: =IFERROR(VLOOKUP(H30,[161]Detalhes!$G:$J,4,0),G29) -> Terceiros | H30: 18 | I30: ARAUCARIA | J30: IDAZA | K30: Etanol Hidratado | M30: =IF(RIGHT(I30,5)="Total",VLOOKUP(I30,'BD Descarga'!$B:$I,5,0),SUMIFS('BD Descarga'!F:F,'BD Descarga'!D:D,'Recebimento Rodo - ALE'!K30,'BD Descarga'!C:C,'Recebimento Rodo - ALE'!J30,'BD Descarga'!B:B,'Recebimento Rodo - ALE'!I30,'BD Descarga'!A:A,'Recebimento Rodo - ALE'!H30)) -> 40.746067 | N30: =IF(RIGHT(I30,5)="Total",VLOOKUP(I30,'BD Descarga'!$B:$I,6,0),SUMIFS('BD Descarga'!G:G,'BD Descarga'!D:D,'Recebimento Rodo - ALE'!K30,'BD Descarga'!C:C,'Recebimento Rodo - ALE'!J30,'BD Descarga'!B:B,'Recebimento Rodo - ALE'!I30,'BD Descarga'!A:A,'Recebimento Rodo - ALE'!H30)) -> 0.66833795 | O30: =IF(RIGHT(I30,5)="Total",VLOOKUP(I30,'BD Descarga'!$B:$I,7,0),SUMIFS('BD Descarga'!H:H,'BD Descarga'!D:D,'Recebimento Rodo - ALE'!K30,'BD Descarga'!C:C,'Recebimento Rodo - ALE'!J30,'BD Descarga'!B:B,'Recebimento Rodo - ALE'!I30,'BD Descarga'!A:A,'Recebimento Rodo - ALE'!H30)) -> 0.22277932 | P30: =IF(RIGHT(I30,5)="Total",VLOOKUP(I30,'BD Descarga'!$B:$I,8,0),SUMIFS('BD Descarga'!I:I,'BD Descarga'!D:D,'Recebimento Rodo - ALE'!K30,'BD Descarga'!C:C,'Recebimento Rodo - ALE'!J30,'BD Descarga'!B:B,'Recebimento Rodo - ALE'!I30,'BD Descarga'!A:A,'Recebimento Rodo - ALE'!H30)) -> 635.41667 | S30: 3 - Para as operações em que o modal usual não é o rodoviário,mas permite a descarga rodoviária e não possui nº de janelas definidas, considerado perfil de 30% da capacidade de movimentação
