Workbook

Sheet Folha1
A1: CNPJ | B1: Razão Social | C1: NOME REDUZIDO | D1: Tipo de Instalação | E1: CLASSIFICAÇÃO | F1: Endereço da Matriz | G1: Número | H1: Bairro | I1: Complemento | J1: Município | K1: UF | L1: Capacidade Total | M1: Participação (%) | N1: TIPO | O1: Número Autorização | P1: Data Publicação
A2: 00175884000204 | B2: PETROSUL DISTRIBUIDORA TRANSPORTADORA E COMÉRCIO DE COMBUSTÍVEIS LTDA | C2: =VLOOKUP(folha1[[#This Row],[Razão Social]],Planilha1!A:C,2,0) -> PETROSUL TRANSPORTADORA E COMÉRCIO DE COMBUSTÍVEIS | D2: BASES DO RAMO DE COMBUSTÍVEIS | E2: =VLOOKUP(folha1[[#This Row],[Razão Social]],Planilha1!A:C,3,0) -> REGIONAL | F2: RUA SIDNEY CARDON DE OLIVEIRA | G2: 1723 | H2: CASCATA | J2: PAULINIA | K2: SP | L2: 11718.58 | M2: 61.6 | N2: =IF(folha1[[#This Row],[Participação (%)]]=100,"BASE PRÓPRIA","BASE POOL") -> BASE POOL | O2: 464 | P2: 41949
A3: 00175884001006 | B3: PETROSUL DISTRIBUIDORA TRANSPORTADORA E COMÉRCIO DE COMBUSTÍVEIS LTDA | C3: =VLOOKUP(folha1[[#This Row],[Razão Social]],Planilha1!A:C,2,0) -> PETROSUL TRANSPORTADORA E COMÉRCIO DE COMBUSTÍVEIS | D3: BASES DO RAMO DE COMBUSTÍVEIS | E3: =VLOOKUP(folha1[[#This Row],[Razão Social]],Planilha1!A:C,3,0) -> REGIONAL | F3: Avenida Tropical | G3: S/Nº | H3: Distrito Industrial Brasil Central | I3: LOTE 5 E 6 A | J3: SENADOR CANEDO | K3: GO | L3: 12289 | M3: 81.7 | N3: =IF(folha1[[#This Row],[Participação (%)]]=100,"BASE PRÓPRIA","BASE POOL") -> BASE POOL | O3: 5 | P3: 45296
A4: 00209895000250 | B4: RDP ENERGIA LTDA | C4: =VLOOKUP(folha1[[#This Row],[Razão Social]],Planilha1!A:C,2,0) -> RDP ENERGIA | D4: BASES DO RAMO DE COMBUSTÍVEIS | E4: =VLOOKUP(folha1[[#This Row],[Razão Social]],Planilha1!A:C,3,0) -> REGIONAL | F4: RUA BENJAMIM DAGNONI | G4: 705 | H4: RESSACADA | I4: TERREO | J4: ITAJAI | K4: SC | L4: 6493.18 | M4: 100 | N4: =IF(folha1[[#This Row],[Participação (%)]]=100,"BASE PRÓPRIA","BASE POOL") -> BASE PRÓPRIA | O4: 293 | P4: 41073
A5: 00209895000330 | B5: RDP ENERGIA LTDA | C5: =VLOOKUP(folha1[[#This Row],[Razão Social]],Planilha1!A:C,2,0) -> RDP ENERGIA | D5: BASES DO RAMO DE COMBUSTÍVEIS | E5: =VLOOKUP(folha1[[#This Row],[Razão Social]],Planilha1!A:C,3,0) -> REGIONAL | F5: RUA EDSON QUEIROZ | G5: 215 | H5: CHAPADA | J5: ARAUCARIA | K5: PR | L5: 12121.62 | M5: 100 | N5: =IF(folha1[[#This Row],[Participação (%)]]=100,"BASE PRÓPRIA","BASE POOL") -> BASE PRÓPRIA | O5: 87 | P5: 42803
A6: 00326969000157 | B6: MAXSUL DISTRIBUIDORA DE COMBUSTÍVEIS LTDA. | C6: =VLOOKUP(folha1[[#This Row],[Razão Social]],Planilha1!A:C,2,0) -> MAXSUL . | D6: BASES DO RAMO DE COMBUSTÍVEIS | E6: =VLOOKUP(folha1[[#This Row],[Razão Social]],Planilha1!A:C,3,0) -> REGIONAL | F6: ROD SC 480, KM 5,8 | G6: 4445 E | H6: Centro (Marechal Bormann) | J6: CHAPECO | K6: SC | L6: 12392.43 | M6: 100 | N6: =IF(folha1[[#This Row],[Participação (%)]]=100,"BASE PRÓPRIA","BASE POOL") -> BASE PRÓPRIA | O6: 207 | P6: 45764
A7: 00401560000158 | B7: JOAPI DISTRIBUIDORA DE COMBUSTÍVEIS S.A. | C7: =VLOOKUP(folha1[[#This Row],[Razão Social]],Planilha1!A:C,2,0) -> JOAPI | D7: BASES DO RAMO DE COMBUSTÍVEIS | E7: =VLOOKUP(folha1[[#This Row],[Razão Social]],Planilha1!A:C,3,0) -> REGIONAL | F7: ESTRADA PORTO DA FARINHA | G7: 256 | H7: CAJU | J7: NOVA SANTA RITA | K7: RS | L7: 840 | M7: 100 | N7: =IF(folha1[[#This Row],[Participação (%)]]=100,"BASE PRÓPRIA","BASE POOL") -> BASE PRÓPRIA | O7: 677 | P7: 45964
A8: 00466187000113 | B8: FÉLIX DISTRIBUIDORA DE COMBUSTÍVEIS LTDA | C8: =VLOOKUP(folha1[[#This Row],[Razão Social]],Planilha1!A:C,2,0) -> FÉLIX | D8: BASES DO RAMO DE COMBUSTÍVEIS | E8: =VLOOKUP(folha1[[#This Row],[Razão Social]],Planilha1!A:C,3,0) -> REGIONAL | F8: ROD DA BALSINHA | G8: S/N | H8: ZONA RURAL | I8: KM 18 A DIREITA 04 KM SALA 18 | J8: IGUATEMI | K8: MS | L8: 20120 | M8: 3.72 | N8: =IF(folha1[[#This Row],[Participação (%)]]=100,"BASE PRÓPRIA","BASE POOL") -> BASE POOL | O8: 486 | P8: 45106
A9: 00756149000103 | B9: RUFF CJ DISTRIBUIDORA DE PETRÓLEO LTDA | C9: =VLOOKUP(folha1[[#This Row],[Razão Social]],Planilha1!A:C,2,0) -> RUFF CJ | D9: BASES DO RAMO DE COMBUSTÍVEIS | E9: =VLOOKUP(folha1[[#This Row],[Razão Social]],Planilha1!A:C,3,0) -> REGIONAL | F9: AVENIDA ERNESTO IGEL | G9: 3714 | H9: CASCATA | J9: PAULINIA | K9: SP | L9: 12900 | M9: 100 | N9: =IF(folha1[[#This Row],[Participação (%)]]=100,"BASE PRÓPRIA","BASE POOL") -> BASE PRÓPRIA | O9: 249 | P9: 37939
A10: 00756149001177 | B10: RUFF CJ DISTRIBUIDORA DE PETRÓLEO LTDA | C10: =VLOOKUP(folha1[[#This Row],[Razão Social]],Planilha1!A:C,2,0) -> RUFF CJ | D10: BASES DO RAMO DE COMBUSTÍVEIS | E10: =VLOOKUP(folha1[[#This Row],[Razão Social]],Planilha1!A:C,3,0) -> REGIONAL | F10: RODOVIA VIA JOSÉ LUIZ GALVÃO | G10: 2100 | H10: SITIO BOM JESUS | I10: SETOR OESTE SS-O-16 | J10: RIBEIRAO PRETO | K10: SP | L10: 9940 | M10: 100 | N10: =IF(folha1[[#This Row],[Participação (%)]]=100,"BASE PRÓPRIA","BASE POOL") -> BASE PRÓPRIA | O10: 358 | P10: 43983
A11: 00756149001762 | B11: RUFF CJ DISTRIBUIDORA DE PETRÓLEO LTDA | C11: =VLOOKUP(folha1[[#This Row],[Razão Social]],Planilha1!A:C,2,0) -> RUFF CJ | D11: BASES DO RAMO DE COMBUSTÍVEIS | E11: =VLOOKUP(folha1[[#This Row],[Razão Social]],Planilha1!A:C,3,0) -> REGIONAL | F11: RUA DO VALE | G11: 155 | H11: CENTRO | J11: CAREACU | K11: MG | L11: 833.27 | M11: 100 | N11: =IF(folha1[[#This Row],[Participação (%)]]=100,"BASE PRÓPRIA","BASE POOL") -> BASE PRÓPRIA | O11: 606 | P11: 44468
A12: 00756149002491 | B12: RUFF CJ DISTRIBUIDORA DE PETRÓLEO LTDA | C12: =VLOOKUP(folha1[[#This Row],[Razão Social]],Planilha1!A:C,2,0) -> RUFF CJ | D12: BASES DO RAMO DE COMBUSTÍVEIS | E12: =VLOOKUP(folha1[[#This Row],[Razão Social]],Planilha1!A:C,3,0) -> REGIONAL | F12: R JOAQUIM PEDRO RIBEIRO | G12: 834 | H12: Centro | J12: GUAXUPE | K12: MG | L12: 1563.5 | M12: 100 | N12: =IF(folha1[[#This Row],[Participação (%)]]=100,"BASE PRÓPRIA","BASE POOL") -> BASE PRÓPRIA | O12: 761 | P12: 44531
A13: 00828887000372 | B13: PELIKANO DISTRIBUIDORA DE PETRÓLEO LTDA | C13: =VLOOKUP(folha1[[#This Row],[Razão Social]],Planilha1!A:C,2,0) -> PELIKANO | D13: BASES DO RAMO DE COMBUSTÍVEIS | E13: =VLOOKUP(folha1[[#This Row],[Razão Social]],Planilha1!A:C,3,0) -> REGIONAL | F13: Rua Luiz Franceschi | G13: 522 | H13: Thomaz Coelho | J13: ARAUCARIA | K13: PR | L13: 1723.05 | M13: 100 | N13: =IF(folha1[[#This Row],[Participação (%)]]=100,"BASE PRÓPRIA","BASE POOL") -> BASE PRÓPRIA
A14: 00942246000263 | B14: SIMARELLI DISTRIBUIDORA DE DERIVADOS DE PETRÓLEO LTDA. | C14: =VLOOKUP(folha1[[#This Row],[Razão Social]],Planilha1!A:C,2,0) -> SIMARELLI . | D14: BASES DO RAMO DE COMBUSTÍVEIS | E14: =VLOOKUP(folha1[[#This Row],[Razão Social]],Planilha1!A:C,3,0) -> REGIONAL | F14: RODOVIA SP 332 | G14: S/N.º | H14: CASCATA | I14: KM 132 | J14: PAULINIA | K14: SP | L14: 9269.22 | M14: 100 | N14: =IF(folha1[[#This Row],[Participação (%)]]=100,"BASE PRÓPRIA","BASE POOL") -> BASE PRÓPRIA | O14: 41 | P14: 40939
A15: 00942246000506 | B15: SIMARELLI DISTRIBUIDORA DE DERIVADOS DE PETRÓLEO LTDA. | C15: =VLOOKUP(folha1[[#This Row],[Razão Social]],Planilha1!A:C,2,0) -> SIMARELLI . | D15: BASES DO RAMO DE COMBUSTÍVEIS | E15: =VLOOKUP(folha1[[#This Row],[Razão Social]],Planilha1!A:C,3,0) -> REGIONAL | F15: RUA ALAN BOA VENTURA | G15: 178 | H15: VILA ELIANE | I15: SALA 02 | J15: CAMPO GRANDE | K15: MS | L15: 950 | M15: 100 | N15: =IF(folha1[[#This Row],[Participação (%)]]=100,"BASE PRÓPRIA","BASE POOL") -> BASE PRÓPRIA | O15: 893 | P15: 44174
A16: 00942246001235 | B16: SIMARELLI DISTRIBUIDORA DE DERIVADOS DE PETRÓLEO LTDA. | C16: =VLOOKUP(folha1[[#This Row],[Razão Social]],Planilha1!A:C,2,0) -> SIMARELLI . | D16: BASES DO RAMO DE COMBUSTÍVEIS | E16: =VLOOKUP(folha1[[#This Row],[Razão Social]],Planilha1!A:C,3,0) -> REGIONAL | F16: Rua N | G16: S/N | H16: Jardim Industriário | I16: LOTE 22 E 23 | J16: CUIABA | K16: MT | L16: 855.41 | M16: 100 | N16: =IF(folha1[[#This Row],[Participação (%)]]=100,"BASE PRÓPRIA","BASE POOL") -> BASE PRÓPRIA | O16: 583 | P16: 44061
A17: 01083568000186 | B17: LIDERPETRO DISTRIBUIDORA DE PETRÓLEO LTDA | C17: =VLOOKUP(folha1[[#This Row],[Razão Social]],Planilha1!A:C,2,0) -> LIDERPETRO | D17: BASES DO RAMO DE COMBUSTÍVEIS | E17: =VLOOKUP(folha1[[#This Row],[Razão Social]],Planilha1!A:C,3,0) -> REGIONAL | F17: Avenida Aldo Borges Leão | G17: 4911 | H17: MORADA NOVA | I17: SALA SEM INSC. MUNIC | J17: UBERLANDIA | K17: MG | L17: 6123.7 | M17: 30.55 | N17: =IF(folha1[[#This Row],[Participação (%)]]=100,"BASE PRÓPRIA","BASE POOL") -> BASE POOL | O17: 153 | P17: 46104
A18: 01083568000348 | B18: LIDERPETRO DISTRIBUIDORA DE PETRÓLEO LTDA | C18: =VLOOKUP(folha1[[#This Row],[Razão Social]],Planilha1!A:C,2,0) -> LIDERPETRO | D18: BASES DO RAMO DE COMBUSTÍVEIS | E18: =VLOOKUP(folha1[[#This Row],[Razão Social]],Planilha1!A:C,3,0) -> REGIONAL | F18: RUA NITEROI, ESQUINA COM RUA COPACABANA, | G18: S/Nº | H18: SETOR COMERCIAL CANEDO | I18: QUADRA 04 - LOTE 1/19 - COND. POOL PETROBALL | J18: SENADOR CANEDO | K18: GO | L18: 13681.7 | M18: 6 | N18: =IF(folha1[[#This Row],[Participação (%)]]=100,"BASE PRÓPRIA","BASE POOL") -> BASE POOL | O18: 324 | P18: 45817
A19: 01125282000388 | B19: PETROBAHIA S/A | C19: =VLOOKUP(folha1[[#This Row],[Razão Social]],Planilha1!A:C,2,0) -> PETROBAHIA | D19: BASES DO RAMO DE COMBUSTÍVEIS | E19: =VLOOKUP(folha1[[#This Row],[Razão Social]],Planilha1!A:C,3,0) -> REGIONAL | F19: RODOVIA BR 415 | G19: S/N | H19: Centro Industrial | I19: KM 5 | J19: ITABUNA | K19: BA | L19: 5426.63 | M19: 100 | N19: =IF(folha1[[#This Row],[Participação (%)]]=100,"BASE PRÓPRIA","BASE POOL") -> BASE PRÓPRIA | O19: 355 | P19: 43983
A20: 01125282000620 | B20: PETROBAHIA S/A | C20: =VLOOKUP(folha1[[#This Row],[Razão Social]],Planilha1!A:C,2,0) -> PETROBAHIA | D20: BASES DO RAMO DE COMBUSTÍVEIS | E20: =VLOOKUP(folha1[[#This Row],[Razão Social]],Planilha1!A:C,3,0) -> REGIONAL | F20: RUA GLAUBER ROCHA | G20: S/Nº | H20: Jardim Paraíso | J20: LUIS EDUARDO MAGALHAES | K20: BA | L20: 2024.6 | M20: 100 | N20: =IF(folha1[[#This Row],[Participação (%)]]=100,"BASE PRÓPRIA","BASE POOL") -> BASE PRÓPRIA | O20: 300 | P20: 43601
A21: 01125282000701 | B21: PETROBAHIA S/A | C21: =VLOOKUP(folha1[[#This Row],[Razão Social]],Planilha1!A:C,2,0) -> PETROBAHIA | D21: BASES DO RAMO DE COMBUSTÍVEIS | E21: =VLOOKUP(folha1[[#This Row],[Razão Social]],Planilha1!A:C,3,0) -> REGIONAL | F21: QUADRA A - LOTES 12 E 13 | G21: . | H21: DISTRITO INDUSTRIAL | J21: JUAZEIRO | K21: BA | L21: 3399.75 | M21: 100 | N21: =IF(folha1[[#This Row],[Participação (%)]]=100,"BASE PRÓPRIA","BASE POOL") -> BASE PRÓPRIA | O21: 796 | P21: 45644
A22: 01125282001198 | B22: PETROBAHIA S/A | C22: =VLOOKUP(folha1[[#This Row],[Razão Social]],Planilha1!A:C,2,0) -> PETROBAHIA | D22: BASES DO RAMO DE COMBUSTÍVEIS | E22: =VLOOKUP(folha1[[#This Row],[Razão Social]],Planilha1!A:C,3,0) -> REGIONAL | F22: ROD BA 523 (RODOVIA CANDEIAS - MADRE DE DEUS) | G22: S/N | H22: MATARIPE | I22: KM 07 | J22: SAO FRANCISCO DO CONDE | K22: BA | L22: 15864.46 | M22: 100 | N22: =IF(folha1[[#This Row],[Participação (%)]]=100,"BASE PRÓPRIA","BASE POOL") -> BASE PRÓPRIA | O22: 88 | P22: 44606
A23: 01125282001945 | B23: PETROBAHIA S/A | C23: =VLOOKUP(folha1[[#This Row],[Razão Social]],Planilha1!A:C,2,0) -> PETROBAHIA | D23: BASES DO RAMO DE COMBUSTÍVEIS | E23: =VLOOKUP(folha1[[#This Row],[Razão Social]],Planilha1!A:C,3,0) -> REGIONAL | F23: RUA PROJETADA | G23: S/N | H23: Centro | I23: SETOR 19 QUADRA02 LOTE 12 | J23: BALSAS | K23: MA | L23: 1140 | M23: 100 | N23: =IF(folha1[[#This Row],[Participação (%)]]=100,"BASE PRÓPRIA","BASE POOL") -> BASE PRÓPRIA | O23: 313 | P23: 45048
A24: 01125282002160 | B24: PETROBAHIA S/A | C24: =VLOOKUP(folha1[[#This Row],[Razão Social]],Planilha1!A:C,2,0) -> PETROBAHIA | D24: BASES DO RAMO DE COMBUSTÍVEIS | E24: =VLOOKUP(folha1[[#This Row],[Razão Social]],Planilha1!A:C,3,0) -> REGIONAL | F24: RUA NITEROI, ESQUINA COM RUA COPACABANA, | G24: S/Nº | H24: SETOR COMERCIAL CANEDO | I24: QUADRA 04 - LOTE 1/19 - COND. POOL PETROBALL | J24: SENADOR CANEDO | K24: GO | L24: 13681.7 | M24: 6 | N24: =IF(folha1[[#This Row],[Participação (%)]]=100,"BASE PRÓPRIA","BASE POOL") -> BASE POOL | O24: 324 | P24: 45817
A25: 01136600000144 | B25: TRANSO COMBUSTÍVEIS LTDA | C25: =VLOOKUP(folha1[[#This Row],[Razão Social]],Planilha1!A:C,2,0) -> TRANSO COMBUSTÍVEIS | D25: BASES DO RAMO DE COMBUSTÍVEIS | E25: =VLOOKUP(folha1[[#This Row],[Razão Social]],Planilha1!A:C,3,0) -> REGIONAL | F25: Avenida Estocolmo | G25: 1438 | H25: Cascata | J25: PAULINIA | K25: SP | L25: 19710 | M25: 69.9 | N25: =IF(folha1[[#This Row],[Participação (%)]]=100,"BASE PRÓPRIA","BASE POOL") -> BASE POOL | O25: 935 | P25: 43810
A26: 01228749000153 | B26: PETRO DALLAS DO BRASIL LTDA. | C26: =VLOOKUP(folha1[[#This Row],[Razão Social]],Planilha1!A:C,2,0) -> PETRO DALLAS DO BRASIL . | D26: BASES DO RAMO DE COMBUSTÍVEIS | E26: =VLOOKUP(folha1[[#This Row],[Razão Social]],Planilha1!A:C,3,0) -> REGIONAL | F26: Avenida Airton Borges da Silva | G26: 1279 | H26: Distrito Industrial | J26: UBERLANDIA | K26: MG | L26: 5531.92 | M26: 86.44 | N26: =IF(folha1[[#This Row],[Participação (%)]]=100,"BASE PRÓPRIA","BASE POOL") -> BASE POOL | O26: 250 | P26: 46162
A27: 01241994000443 | B27: TDC DISTRIBUIDORA DE COMBUSTÍVEIS S/A. | C27: =VLOOKUP(folha1[[#This Row],[Razão Social]],Planilha1!A:C,2,0) -> TDC . | D27: BASES DO RAMO DE COMBUSTÍVEIS | E27: =VLOOKUP(folha1[[#This Row],[Razão Social]],Planilha1!A:C,3,0) -> REGIONAL | F27: VIA MADRE DE DEUS | G27: S/N | H27: CAIPÉ | I27: KM 42,5 | J27: SAO FRANCISCO DO CONDE | K27: BA | L27: 7172 | M27: 100 | N27: =IF(folha1[[#This Row],[Participação (%)]]=100,"BASE PRÓPRIA","BASE POOL") -> BASE PRÓPRIA | O27: 638 | P27: 45575
A28: 01241994000605 | B28: TDC DISTRIBUIDORA DE COMBUSTÍVEIS S/A. | C28: =VLOOKUP(folha1[[#This Row],[Razão Social]],Planilha1!A:C,2,0) -> TDC . | D28: BASES DO RAMO DE COMBUSTÍVEIS | E28: =VLOOKUP(folha1[[#This Row],[Razão Social]],Planilha1!A:C,3,0) -> REGIONAL | F28: RUA NITEROI, ESQUINA COM RUA COPACABANA, | G28: S/Nº | H28: SETOR COMERCIAL CANEDO | I28: QUADRA 04 - LOTE 1/19 - COND. POOL PETROBALL | J28: SENADOR CANEDO | K28: GO | L28: 13681.7 | M28: 21.98 | N28: =IF(folha1[[#This Row],[Participação (%)]]=100,"BASE PRÓPRIA","BASE POOL") -> BASE POOL | O28: 324 | P28: 45817
A29: 01241994001172 | B29: TDC DISTRIBUIDORA DE COMBUSTÍVEIS S/A. | C29: =VLOOKUP(folha1[[#This Row],[Razão Social]],Planilha1!A:C,2,0) -> TDC . | D29: BASES DO RAMO DE COMBUSTÍVEIS | E29: =VLOOKUP(folha1[[#This Row],[Razão Social]],Planilha1!A:C,3,0) -> REGIONAL | F29: SETOR INDUSTRIAL SUL -SIN/SUL | G29: S/N | H29: ZONA INDUSTRIAL (GUARÁ) | I29: LOTE 02 A - SETOR INFLAMÁVEIS | J29: BRASILIA | K29: DF | L29: 6329.87 | M29: 33.33 | N29: =IF(folha1[[#This Row],[Participação (%)]]=100,"BASE PRÓPRIA","BASE POOL") -> BASE POOL | O29: 793 | P29: 44141
A30: 01241994001415 | B30: TDC DISTRIBUIDORA DE COMBUSTÍVEIS S/A. | C30: =VLOOKUP(folha1[[#This Row],[Razão Social]],Planilha1!A:C,2,0) -> TDC . | D30: BASES DO RAMO DE COMBUSTÍVEIS | E30: =VLOOKUP(folha1[[#This Row],[Razão Social]],Planilha1!A:C,3,0) -> REGIONAL | F30: Rodovia BA 523 | G30: S/Nº | H30: . | J30: SAO FRANCISCO DO CONDE | K30: BA | L30: 6747.18 | M30: 100 | N30: =IF(folha1[[#This Row],[Participação (%)]]=100,"BASE PRÓPRIA","BASE POOL") -> BASE PRÓPRIA | O30: 99 | P30: 42814
A31: 01241994001504 | B31: TDC DISTRIBUIDORA DE COMBUSTÍVEIS S/A. | C31: =VLOOKUP(folha1[[#This Row],[Razão Social]],Planilha1!A:C,2,0) -> TDC . | D31: BASES DO RAMO DE COMBUSTÍVEIS | E31: =VLOOKUP(folha1[[#This Row],[Razão Social]],Planilha1!A:C,3,0) -> REGIONAL | F31: Avenida Aldo Borges Leão | G31: 4911 | H31: MORADA NOVA | I31: SALA SEM INSC. MUNIC | J31: UBERLANDIA | K31: MG | L31: 6123.7 | M31: 12.25 | N31: =IF(folha1[[#This Row],[Participação (%)]]=100,"BASE PRÓPRIA","BASE POOL") -> BASE POOL | O31: 153 | P31: 46104
A32: 01241994001687 | B32: TDC DISTRIBUIDORA DE COMBUSTÍVEIS S/A. | C32: =VLOOKUP(folha1[[#This Row],[Razão Social]],Planilha1!A:C,2,0) -> TDC . | D32: BASES DO RAMO DE COMBUSTÍVEIS | E32: =VLOOKUP(folha1[[#This Row],[Razão Social]],Planilha1!A:C,3,0) -> REGIONAL | F32: ROD PATIO DE INTEGRACAO INTERMODAL DA FERROVIANORTE -SUL, RODOV | G32: S/N | H32: Setor Central | J32: PORTO NACIONAL | K32: TO | L32: 10685.25 | M32: 100 | N32: =IF(folha1[[#This Row],[Participação (%)]]=100,"BASE PRÓPRIA","BASE POOL") -> BASE PRÓPRIA | O32: 165 | P32: 44280
A33: 01256137000174 | B33: DISTRIBUIDORA RIO BRANCO DE PETRÓLEO LTDA. | C33: =VLOOKUP(folha1[[#This Row],[Razão Social]],Planilha1!A:C,2,0) -> RIO BRANCO DE PETRÓLEO . | D33: BASES DO RAMO DE COMBUSTÍVEIS | E33: =VLOOKUP(folha1[[#This Row],[Razão Social]],Planilha1!A:C,3,0) -> REGIONAL | F33: AVENIDA RIO GRANDE | G33: 5000 | H33: BAIRRO INDUSTRIAL III | J33: UBERABA | K33: MG | L33: 790.05 | M33: 100 | N33: =IF(folha1[[#This Row],[Participação (%)]]=100,"BASE PRÓPRIA","BASE POOL") -> BASE PRÓPRIA | O33: 76 | P33: 43873
A34: 01256137000417 | B34: DISTRIBUIDORA RIO BRANCO DE PETRÓLEO LTDA. | C34: =VLOOKUP(folha1[[#This Row],[Razão Social]],Planilha1!A:C,2,0) -> RIO BRANCO DE PETRÓLEO . | D34: BASES DO RAMO DE COMBUSTÍVEIS | E34: =VLOOKUP(folha1[[#This Row],[Razão Social]],Planilha1!A:C,3,0) -> REGIONAL | F34: RUA NITEROI, ESQUINA COM RUA COPACABANA, | G34: S/Nº | H34: SETOR COMERCIAL CANEDO | I34: QUADRA 04 - LOTE 1/19 - COND. POOL PETROBALL | J34: SENADOR CANEDO | K34: GO | L34: 13681.7 | M34: 6 | N34: =IF(folha1[[#This Row],[Participação (%)]]=100,"BASE PRÓPRIA","BASE POOL") -> BASE POOL | O34: 324 | P34: 45817
A35: 01256137000506 | B35: DISTRIBUIDORA RIO BRANCO DE PETRÓLEO LTDA. | C35: =VLOOKUP(folha1[[#This Row],[Razão Social]],Planilha1!A:C,2,0) -> RIO BRANCO DE PETRÓLEO . | D35: BASES DO RAMO DE COMBUSTÍVEIS | E35: =VLOOKUP(folha1[[#This Row],[Razão Social]],Planilha1!A:C,3,0) -> REGIONAL | F35: Avenida Aldo Borges Leão | G35: 4911 | H35: MORADA NOVA | I35: SALA SEM INSC. MUNIC | J35: UBERLANDIA | K35: MG | L35: 6123.7 | M35: 12.25 | N35: =IF(folha1[[#This Row],[Participação (%)]]=100,"BASE PRÓPRIA","BASE POOL") -> BASE POOL | O35: 153 | P35: 46104
A36: 01256137000689 | B36: DISTRIBUIDORA RIO BRANCO DE PETRÓLEO LTDA. | C36: =VLOOKUP(folha1[[#This Row],[Razão Social]],Planilha1!A:C,2,0) -> RIO BRANCO DE PETRÓLEO . | D36: BASES DO RAMO DE COMBUSTÍVEIS | E36: =VLOOKUP(folha1[[#This Row],[Razão Social]],Planilha1!A:C,3,0) -> REGIONAL | F36: RODOVIA BR-381 FERNAO DIAS KM 483,8 | G36: A/N | H36: DISTRITO INDUSTRIAL JARDIM PIEMONT SUL | I36: SALAS 06, 07 E 08 | J36: BETIM | K36: MG | L36: 8187.78 | M36: 30 | N36: =IF(folha1[[#This Row],[Participação (%)]]=100,"BASE PRÓPRIA","BASE POOL") -> BASE POOL | O36: 893 | P36: 43801
A37: 01256137000760 | B37: DISTRIBUIDORA RIO BRANCO DE PETRÓLEO LTDA. | C37: =VLOOKUP(folha1[[#This Row],[Razão Social]],Planilha1!A:C,2,0) -> RIO BRANCO DE PETRÓLEO . | D37: BASES DO RAMO DE COMBUSTÍVEIS | E37: =VLOOKUP(folha1[[#This Row],[Razão Social]],Planilha1!A:C,3,0) -> REGIONAL | F37: Via José Luiz Galvão | G37: 2200 | H37: Bom Jesus | J37: RIBEIRAO PRETO | K37: SP | L37: 11732.83 | M37: 5.95 | N37: =IF(folha1[[#This Row],[Participação (%)]]=100,"BASE PRÓPRIA","BASE POOL") -> BASE POOL | O37: 717 | P37: 45183
A38: 01317309000253 | B38: DISTRIBUIDORA DE PRODUTOS DE PETRÓLEO CHARRUA LTDA | C38: =VLOOKUP(folha1[[#This Row],[Razão Social]],Planilha1!A:C,2,0) -> CHARRUA | D38: BASES DO RAMO DE COMBUSTÍVEIS | E38: =VLOOKUP(folha1[[#This Row],[Razão Social]],Planilha1!A:C,3,0) -> REGIONAL | F38: Rua João Luiz da Rocha | G38: 136 | H38: Santo André | J38: LAJEADO | K38: RS | L38: 1807.87 | M38: 100 | N38: =IF(folha1[[#This Row],[Participação (%)]]=100,"BASE PRÓPRIA","BASE POOL") -> BASE PRÓPRIA | O38: 172 | P38: 37834
A39: 01317309000768 | B39: DISTRIBUIDORA DE PRODUTOS DE PETRÓLEO CHARRUA LTDA | C39: =VLOOKUP(folha1[[#This Row],[Razão Social]],Planilha1!A:C,2,0) -> CHARRUA | D39: BASES DO RAMO DE COMBUSTÍVEIS | E39: =VLOOKUP(folha1[[#This Row],[Razão Social]],Planilha1!A:C,3,0) -> REGIONAL | F39: RODOVIA BR 285 | G39: S/N | H39: INTERIOR | I39: KM 477 - MAIS 150 METROS | J39: CORONEL BARROS | K39: RS | L39: 4441.44 | M39: 100 | N39: =IF(folha1[[#This Row],[Participação (%)]]=100,"BASE PRÓPRIA","BASE POOL") -> BASE PRÓPRIA | O39: 325 | P39: 44355
A40: 01349764000400 | B40: ROYAL FIC DISTRIBUIDORA DE DERIVADOS DE PETRÓLEO S/A | C40: =VLOOKUP(folha1[[#This Row],[Razão Social]],Planilha1!A:C,2,0) -> ROYAL FIC | D40: BASES DO RAMO DE COMBUSTÍVEIS | E40: =VLOOKUP(folha1[[#This Row],[Razão Social]],Planilha1!A:C,3,0) -> REGIONAL | F40: Avenida Senador Onofre Quinan | G40: 415 | H40: Bonfim | I40: SÍTIO BONFIM | J40: PAULINIA | K40: SP | L40: 11741.72 | M40: 100 | N40: =IF(folha1[[#This Row],[Participação (%)]]=100,"BASE PRÓPRIA","BASE POOL") -> BASE PRÓPRIA | O40: 747 | P40: 44525
A41: 01349764001393 | B41: ROYAL FIC DISTRIBUIDORA DE DERIVADOS DE PETRÓLEO S/A | C41: =VLOOKUP(folha1[[#This Row],[Razão Social]],Planilha1!A:C,2,0) -> ROYAL FIC | D41: BASES DO RAMO DE COMBUSTÍVEIS | E41: =VLOOKUP(folha1[[#This Row],[Razão Social]],Planilha1!A:C,3,0) -> REGIONAL | F41: RUA NITEROI, ESQUINA COM RUA COPACABANA, | G41: S/Nº | H41: SETOR COMERCIAL CANEDO | I41: QUADRA 04 - LOTE 1/19 - COND. POOL PETROBALL | J41: SENADOR CANEDO | K41: GO | L41: 13681.7 | M41: 6 | N41: =IF(folha1[[#This Row],[Participação (%)]]=100,"BASE PRÓPRIA","BASE POOL") -> BASE POOL | O41: 324 | P41: 45817
A42: 01349764001636 | B42: ROYAL FIC DISTRIBUIDORA DE DERIVADOS DE PETRÓLEO S/A | C42: =VLOOKUP(folha1[[#This Row],[Razão Social]],Planilha1!A:C,2,0) -> ROYAL FIC | D42: BASES DO RAMO DE COMBUSTÍVEIS | E42: =VLOOKUP(folha1[[#This Row],[Razão Social]],Planilha1!A:C,3,0) -> REGIONAL | F42: Rua Paulo Masayuki Uezato | G42: 68 | H42: Distrito Industrial | I42: LOTE 65 QUADRA07 | J42: CUIABA | K42: MT | L42: 7704.49 | M42: 100 | N42: =IF(folha1[[#This Row],[Participação (%)]]=100,"BASE PRÓPRIA","BASE POOL") -> BASE PRÓPRIA | O42: 355 | P42: 40763
A43: 01349764001989 | B43: ROYAL FIC DISTRIBUIDORA DE DERIVADOS DE PETRÓLEO S/A | C43: =VLOOKUP(folha1[[#This Row],[Razão Social]],Planilha1!A:C,2,0) -> ROYAL FIC | D43: BASES DO RAMO DE COMBUSTÍVEIS | E43: =VLOOKUP(folha1[[#This Row],[Razão Social]],Planilha1!A:C,3,0) -> REGIONAL | F43: ESTRADA DO CONTORNO DA PETROBRAS | G43: 1250 | H43: VILA ESPERANÇA | J43: BETIM | K43: MG | L43: 14600 | M43: 100 | N43: =IF(folha1[[#This Row],[Participação (%)]]=100,"BASE PRÓPRIA","BASE POOL") -> BASE PRÓPRIA | O43: 395 | P43: 45845
A44: 01349764002527 | B44: ROYAL FIC DISTRIBUIDORA DE DERIVADOS DE PETRÓLEO S/A | C44: =VLOOKUP(folha1[[#This Row],[Razão Social]],Planilha1!A:C,2,0) -> ROYAL FIC | D44: BASES DO RAMO DE COMBUSTÍVEIS | E44: =VLOOKUP(folha1[[#This Row],[Razão Social]],Planilha1!A:C,3,0) -> REGIONAL | F44: Via José Luiz Galvão | G44: 2200 | H44: Bom Jesus | J44: RIBEIRAO PRETO | K44: SP | L44: 11732.83 | M44: 5.95 | N44: =IF(folha1[[#This Row],[Participação (%)]]=100,"BASE PRÓPRIA","BASE POOL") -> BASE POOL | O44: 717 | P44: 45183
A45: 01349764003841 | B45: ROYAL FIC DISTRIBUIDORA DE DERIVADOS DE PETRÓLEO S/A | C45: =VLOOKUP(folha1[[#This Row],[Razão Social]],Planilha1!A:C,2,0) -> ROYAL FIC | D45: BASES DO RAMO DE COMBUSTÍVEIS | E45: =VLOOKUP(folha1[[#This Row],[Razão Social]],Planilha1!A:C,3,0) -> REGIONAL | F45: Rua Principal 7 | G45: 439 | H45: NÚCLEO INDUSTRIAL | I45: sala 01 | J45: CAMPO GRANDE | K45: MS | L45: 8028 | M45: 50 | N45: =IF(folha1[[#This Row],[Participação (%)]]=100,"BASE PRÓPRIA","BASE POOL") -> BASE POOL | O45: 291 | P45: 44340
A46: 01349764004066 | B46: ROYAL FIC DISTRIBUIDORA DE DERIVADOS DE PETRÓLEO S/A | C46: =VLOOKUP(folha1[[#This Row],[Razão Social]],Planilha1!A:C,2,0) -> ROYAL FIC | D46: BASES DO RAMO DE COMBUSTÍVEIS | E46: =VLOOKUP(folha1[[#This Row],[Razão Social]],Planilha1!A:C,3,0) -> REGIONAL | F46: Rodovia José Benito de Paiva | G46: S/N | H46: ATERRADO | J46: SAO GONCALO DO SAPUCAI | K46: MG | L46: 7509.7 | M46: 100 | N46: =IF(folha1[[#This Row],[Participação (%)]]=100,"BASE PRÓPRIA","BASE POOL") -> BASE PRÓPRIA | O46: 452 | P46: 45510
A47: 01349764005038 | B47: ROYAL FIC DISTRIBUIDORA DE DERIVADOS DE PETRÓLEO S/A | C47: =VLOOKUP(folha1[[#This Row],[Razão Social]],Planilha1!A:C,2,0) -> ROYAL FIC | D47: BASES DO RAMO DE COMBUSTÍVEIS | E47: =VLOOKUP(folha1[[#This Row],[Razão Social]],Planilha1!A:C,3,0) -> REGIONAL | F47: ROD BR 242 | G47: S/N | H47: Área Rural de Barreiras | I47: KM 860 | J47: BARREIRAS | K47: BA | L47: 8302 | M47: 100 | N47: =IF(folha1[[#This Row],[Participação (%)]]=100,"BASE PRÓPRIA","BASE POOL") -> BASE PRÓPRIA | O47: 432 | P47: 45859
A48: 01387400000164 | B48: SP INDÚSTRIA E DISTRIBUIDORA DE PETRÓLEO LTDA | C48: =VLOOKUP(folha1[[#This Row],[Razão Social]],Planilha1!A:C,2,0) -> SP INDÚSTRIA E | D48: BASES DO RAMO DE COMBUSTÍVEIS | E48: =VLOOKUP(folha1[[#This Row],[Razão Social]],Planilha1!A:C,3,0) -> REGIONAL | F48: AVENIDA JOSÉ SABÓIA | G48: 303 | H48: MUCURIPE | J48: FORTALEZA | K48: CE | L48: 50709.51 | M48: 1.47 | N48: =IF(folha1[[#This Row],[Participação (%)]]=100,"BASE PRÓPRIA","BASE POOL") -> BASE POOL | O48: 187 | P48: 44652
A49: 01387400000245 | B49: SP INDÚSTRIA E DISTRIBUIDORA DE PETRÓLEO LTDA | C49: =VLOOKUP(folha1[[#This Row],[Razão Social]],Planilha1!A:C,2,0) -> SP INDÚSTRIA E | D49: BASES DO RAMO DE COMBUSTÍVEIS | E49: =VLOOKUP(folha1[[#This Row],[Razão Social]],Planilha1!A:C,3,0) -> REGIONAL | F49: ROD RN 221 | G49: S/N | H49: Centro | I49: KM 7 | J49: GUAMARE | K49: RN | L49: 4482 | M49: 100 | N49: =IF(folha1[[#This Row],[Participação (%)]]=100,"BASE PRÓPRIA","BASE POOL") -> BASE PRÓPRIA | O49: 836 | P49: 44881
A50: 01387400000911 | B50: SP INDÚSTRIA E DISTRIBUIDORA DE PETRÓLEO LTDA | C50: =VLOOKUP(folha1[[#This Row],[Razão Social]],Planilha1!A:C,2,0) -> SP INDÚSTRIA E | D50: BASES DO RAMO DE COMBUSTÍVEIS | E50: =VLOOKUP(folha1[[#This Row],[Razão Social]],Planilha1!A:C,3,0) -> REGIONAL | F50: PRACA CAMERINDO DE FREITAS | G50: S/N | H50: CENTRO | I50: KM 7 SALA 1 | J50: SAO FRANCISCO DO CONDE | K50: BA | L50: 6867 | M50: 30.13 | N50: =IF(folha1[[#This Row],[Participação (%)]]=100,"BASE PRÓPRIA","BASE POOL") -> BASE POOL | O50: 695 | P50: 44104
A51: 01387400001640 | B51: SP INDÚSTRIA E DISTRIBUIDORA DE PETRÓLEO LTDA | C51: =VLOOKUP(folha1[[#This Row],[Razão Social]],Planilha1!A:C,2,0) -> SP INDÚSTRIA E | D51: BASES DO RAMO DE COMBUSTÍVEIS | E51: =VLOOKUP(folha1[[#This Row],[Razão Social]],Planilha1!A:C,3,0) -> REGIONAL | F51: RODOVIA BR-381 FERNAO DIAS KM 483,8 | G51: A/N | H51: DISTRITO INDUSTRIAL JARDIM PIEMONT SUL | I51: SALAS 06, 07 E 08 | J51: BETIM | K51: MG | L51: 8187.78 | M51: 20 | N51: =IF(folha1[[#This Row],[Participação (%)]]=100,"BASE PRÓPRIA","BASE POOL") -> BASE POOL | O51: 893 | P51: 43801
A52: 01452651000185 | B52: TAURUS DISTRIBUIDORA DE PETRÓLEO LTDA | C52: =VLOOKUP(folha1[[#This Row],[Razão Social]],Planilha1!A:C,2,0) -> TAURUS | D52: BASES DO RAMO DE COMBUSTÍVEIS | E52: =VLOOKUP(folha1[[#This Row],[Razão Social]],Planilha1!A:C,3,0) -> REGIONAL | F52: RODOVIA BR 163 | G52: S/N | H52: ZONA RURAL | I52: km 267 - Qd. 50 - Lt. 22 | J52: DOURADOS | K52: MS | L52: 1083.82 | M52: 100 | N52: =IF(folha1[[#This Row],[Participação (%)]]=100,"BASE PRÓPRIA","BASE POOL") -> BASE PRÓPRIA | O52: 173 | P52: 42459
A53: 01452651000266 | B53: TAURUS DISTRIBUIDORA DE PETRÓLEO LTDA | C53: =VLOOKUP(folha1[[#This Row],[Razão Social]],Planilha1!A:C,2,0) -> TAURUS | D53: BASES DO RAMO DE COMBUSTÍVEIS | E53: =VLOOKUP(folha1[[#This Row],[Razão Social]],Planilha1!A:C,3,0) -> REGIONAL | F53: RODOVIA BR 163 | G53: S/N | H53: ZONA RURAL | I53: KM 461,3 | J53: CAMPO GRANDE | K53: MS | L53: 1311.5 | M53: 100 | N53: =IF(folha1[[#This Row],[Participação (%)]]=100,"BASE PRÓPRIA","BASE POOL") -> BASE PRÓPRIA | O53: 8 | P53: 43112
A54: 01452651000690 | B54: TAURUS DISTRIBUIDORA DE PETRÓLEO LTDA | C54: =VLOOKUP(folha1[[#This Row],[Razão Social]],Planilha1!A:C,2,0) -> TAURUS | D54: BASES DO RAMO DE COMBUSTÍVEIS | E54: =VLOOKUP(folha1[[#This Row],[Razão Social]],Planilha1!A:C,3,0) -> REGIONAL | F54: Via José Luiz Galvão | G54: 2200 | H54: Bom Jesus | J54: RIBEIRAO PRETO | K54: SP | L54: 11732.83 | M54: 11.9 | N54: =IF(folha1[[#This Row],[Participação (%)]]=100,"BASE PRÓPRIA","BASE POOL") -> BASE POOL | O54: 717 | P54: 45183
A55: 01452651000932 | B55: TAURUS DISTRIBUIDORA DE PETRÓLEO LTDA | C55: =VLOOKUP(folha1[[#This Row],[Razão Social]],Planilha1!A:C,2,0) -> TAURUS | D55: BASES DO RAMO DE COMBUSTÍVEIS | E55: =VLOOKUP(folha1[[#This Row],[Razão Social]],Planilha1!A:C,3,0) -> REGIONAL | F55: Avenida Henrique Bertin | G55: 7485 | H55: Los Angeles | J55: CAMPO GRANDE | K55: MS | L55: 13000 | M55: 100 | N55: =IF(folha1[[#This Row],[Participação (%)]]=100,"BASE PRÓPRIA","BASE POOL") -> BASE PRÓPRIA | O55: 412 | P55: 45848
A56: 01466091000118 | B56: CIAPETRO DISTRIBUIDORA DE COMBUSTÍVEIS LTDA | C56: =VLOOKUP(folha1[[#This Row],[Razão Social]],Planilha1!A:C,2,0) -> CIAPETRO | D56: BASES DO RAMO DE COMBUSTÍVEIS | E56: =VLOOKUP(folha1[[#This Row],[Razão Social]],Planilha1!A:C,3,0) -> REGIONAL | F56: Avenida Galeão | G56: 1991 | H56: Loteamento Industrial Pedro Coelho Pedroche | I56: BASE CIANORTE | J56: CIANORTE | K56: PR | L56: 2412 | M56: 100 | N56: =IF(folha1[[#This Row],[Participação (%)]]=100,"BASE PRÓPRIA","BASE POOL") -> BASE PRÓPRIA | O56: 132 | P56: 45358
A57: 01466091000460 | B57: CIAPETRO DISTRIBUIDORA DE COMBUSTÍVEIS LTDA | C57: =VLOOKUP(folha1[[#This Row],[Razão Social]],Planilha1!A:C,2,0) -> CIAPETRO | D57: BASES DO RAMO DE COMBUSTÍVEIS | E57: =VLOOKUP(folha1[[#This Row],[Razão Social]],Planilha1!A:C,3,0) -> REGIONAL | F57: RUA LIDIA CAMARGO ZAMPIERI | G57: 1438 | H57: TINDIQUERA | J57: ARAUCARIA | K57: PR | L57: 37955.21 | M57: 2.22 | N57: =IF(folha1[[#This Row],[Participação (%)]]=100,"BASE PRÓPRIA","BASE POOL") -> BASE POOL | O57: 553 | P57: 45548
A58: 01466091000975 | B58: CIAPETRO DISTRIBUIDORA DE COMBUSTÍVEIS LTDA | C58: =VLOOKUP(folha1[[#This Row],[Razão Social]],Planilha1!A:C,2,0) -> CIAPETRO | D58: BASES DO RAMO DE COMBUSTÍVEIS | E58: =VLOOKUP(folha1[[#This Row],[Razão Social]],Planilha1!A:C,3,0) -> REGIONAL | F58: RUA DA CAPELINHA | G58: 1.506 | H58: CAPELA DO PIÇARRÃO | I58: SALA 01 | J58: VARZEA GRANDE | K58: MT | L58: 3301 | M58: 26.8 | N58: =IF(folha1[[#This Row],[Participação (%)]]=100,"BASE PRÓPRIA","BASE POOL") -> BASE POOL | O58: 573 | P58: 40441
A59: 01466091001009 | B59: CIAPETRO DISTRIBUIDORA DE COMBUSTÍVEIS LTDA | C59: =VLOOKUP(folha1[[#This Row],[Razão Social]],Planilha1!A:C,2,0) -> CIAPETRO | D59: BASES DO RAMO DE COMBUSTÍVEIS | E59: =VLOOKUP(folha1[[#This Row],[Razão Social]],Planilha1!A:C,3,0) -> REGIONAL | F59: RUA NITEROI, ESQUINA COM RUA COPACABANA, | G59: S/Nº | H59: SETOR COMERCIAL CANEDO | I59: QUADRA 04 - LOTE 1/19 - COND. POOL PETROBALL | J59: SENADOR CANEDO | K59: GO | L59: 13681.7 | M59: 6 | N59: =IF(folha1[[#This Row],[Participação (%)]]=100,"BASE PRÓPRIA","BASE POOL") -> BASE POOL | O59: 324 | P59: 45817
A60: 01466091001270 | B60: CIAPETRO DISTRIBUIDORA DE COMBUSTÍVEIS LTDA | C60: =VLOOKUP(folha1[[#This Row],[Razão Social]],Planilha1!A:C,2,0) -> CIAPETRO | D60: BASES DO RAMO DE COMBUSTÍVEIS | E60: =VLOOKUP(folha1[[#This Row],[Razão Social]],Planilha1!A:C,3,0) -> REGIONAL | F60: Avenida Aldo Borges Leão | G60: 4911 | H60: MORADA NOVA | I60: SALA SEM INSC. MUNIC | J60: UBERLANDIA | K60: MG | L60: 6123.7 | M60: 12.25 | N60: =IF(folha1[[#This Row],[Participação (%)]]=100,"BASE PRÓPRIA","BASE POOL") -> BASE POOL | O60: 153 | P60: 46104
A61: 01466091001351 | B61: CIAPETRO DISTRIBUIDORA DE COMBUSTÍVEIS LTDA | C61: =VLOOKUP(folha1[[#This Row],[Razão Social]],Planilha1!A:C,2,0) -> CIAPETRO | D61: BASES DO RAMO DE COMBUSTÍVEIS | E61: =VLOOKUP(folha1[[#This Row],[Razão Social]],Planilha1!A:C,3,0) -> REGIONAL | F61: SETOR INDUSTRIAL SUL -SIN/SUL | G61: S/N | H61: ZONA INDUSTRIAL (GUARÁ) | I61: LOTE 02 A - SETOR INFLAMÁVEIS | J61: BRASILIA | K61: DF | L61: 6329.87 | M61: 33.33 | N61: =IF(folha1[[#This Row],[Participação (%)]]=100,"BASE PRÓPRIA","BASE POOL") -> BASE POOL | O61: 793 | P61: 44141
A62: 01466091001513 | B62: CIAPETRO DISTRIBUIDORA DE COMBUSTÍVEIS LTDA | C62: =VLOOKUP(folha1[[#This Row],[Razão Social]],Planilha1!A:C,2,0) -> CIAPETRO | D62: BASES DO RAMO DE COMBUSTÍVEIS | E62: =VLOOKUP(folha1[[#This Row],[Razão Social]],Planilha1!A:C,3,0) -> REGIONAL | F62: Via José Luiz Galvão | G62: 2200 | H62: Bom Jesus | J62: RIBEIRAO PRETO | K62: SP | L62: 11732.83 | M62: 5.95 | N62: =IF(folha1[[#This Row],[Participação (%)]]=100,"BASE PRÓPRIA","BASE POOL") -> BASE POOL | O62: 717 | P62: 45183
A63: 01466091001785 | B63: CIAPETRO DISTRIBUIDORA DE COMBUSTÍVEIS LTDA | C63: =VLOOKUP(folha1[[#This Row],[Razão Social]],Planilha1!A:C,2,0) -> CIAPETRO | D63: BASES DO RAMO DE COMBUSTÍVEIS | E63: =VLOOKUP(folha1[[#This Row],[Razão Social]],Planilha1!A:C,3,0) -> REGIONAL | F63: RUA TADASHI KATAYAMA | G63: 100 | H63: PARQUE INDUSTRIAL | J63: GUARARAPES | K63: SP | L63: 1113.36 | M63: 100 | N63: =IF(folha1[[#This Row],[Participação (%)]]=100,"BASE PRÓPRIA","BASE POOL") -> BASE PRÓPRIA | O63: 282 | P63: 41848
A64: 01466091002242 | B64: CIAPETRO DISTRIBUIDORA DE COMBUSTÍVEIS LTDA | C64: =VLOOKUP(folha1[[#This Row],[Razão Social]],Planilha1!A:C,2,0) -> CIAPETRO | D64: BASES DO RAMO DE COMBUSTÍVEIS | E64: =VLOOKUP(folha1[[#This Row],[Razão Social]],Planilha1!A:C,3,0) -> REGIONAL | F64: Avenida Zilá Corrêa Machado | G64: 6530 | H64: Moreninha | I64: LOTE B1 SALA B | J64: CAMPO GRANDE | K64: MS | L64: 4941 | M64: 100 | N64: =IF(folha1[[#This Row],[Participação (%)]]=100,"BASE PRÓPRIA","BASE POOL") -> BASE PRÓPRIA | O64: 161 | P64: 44642
A65: 01557353000150 | B65: PETROSERRA DISTRIBUIDORA DE PETRÓLEO LTDA | C65: =VLOOKUP(folha1[[#This Row],[Razão Social]],Planilha1!A:C,2,0) -> PETROSERRA | D65: BASES DO RAMO DE COMBUSTÍVEIS | E65: =VLOOKUP(folha1[[#This Row],[Razão Social]],Planilha1!A:C,3,0) -> REGIONAL | F65: ROD BR 116 | G65: S/N | H65: Vila Rodoviária | I65: KM 706 | J65: JEQUIE | K65: BA | L65: 5905.03 | M65: 87.13 | N65: =IF(folha1[[#This Row],[Participação (%)]]=100,"BASE PRÓPRIA","BASE POOL") -> BASE POOL | O65: 1 | P65: 44929
A66: 01557353000583 | B66: PETROSERRA DISTRIBUIDORA DE PETRÓLEO LTDA | C66: =VLOOKUP(folha1[[#This Row],[Razão Social]],Planilha1!A:C,2,0) -> PETROSERRA | D66: BASES DO RAMO DE COMBUSTÍVEIS | E66: =VLOOKUP(folha1[[#This Row],[Razão Social]],Planilha1!A:C,3,0) -> REGIONAL | F66: RUA BENTO GONÇALVES | G66: S/N.º | H66: DISTRITO INDUSTRIAL | I66: LOTE 02, QUADRA B, VIA DAS TORRES | J66: CANDEIAS | K66: BA | L66: 9718.67 | M66: 33.34 | N66: =IF(folha1[[#This Row],[Participação (%)]]=100,"BASE PRÓPRIA","BASE POOL") -> BASE POOL | O66: 422 | P66: 44006
A67: 01557353000826 | B67: PETROSERRA DISTRIBUIDORA DE PETRÓLEO LTDA | C67: =VLOOKUP(folha1[[#This Row],[Razão Social]],Planilha1!A:C,2,0) -> PETROSERRA | D67: BASES DO RAMO DE COMBUSTÍVEIS | E67: =VLOOKUP(folha1[[#This Row],[Razão Social]],Planilha1!A:C,3,0) -> REGIONAL | F67: BR 101 | G67: S/N | H67: DISTRITO INDUSTRIAL | I67: KM 884 - VIA D3 | J67: TEIXEIRA DE FREITAS | K67: BA | L67: 153.1 | M67: 100 | N67: =IF(folha1[[#This Row],[Participação (%)]]=100,"BASE PRÓPRIA","BASE POOL") -> BASE PRÓPRIA | O67: 116 | P67: 43514
A68: 01557353001393 | B68: PETROSERRA DISTRIBUIDORA DE PETRÓLEO LTDA | C68: =VLOOKUP(folha1[[#This Row],[Razão Social]],Planilha1!A:C,2,0) -> PETROSERRA | D68: BASES DO RAMO DE COMBUSTÍVEIS | E68: =VLOOKUP(folha1[[#This Row],[Razão Social]],Planilha1!A:C,3,0) -> REGIONAL | F68: Rua Ilha Verde | G68: 100 | H68: CENTRO INDUSTRIAL | I68: SALA 03 CASA PH | J68: ITABUNA | K68: BA | L68: 5045 | M68: 50 | N68: =IF(folha1[[#This Row],[Participação (%)]]=100,"BASE PRÓPRIA","BASE POOL") -> BASE POOL | O68: 361 | P68: 43983
A69: 01557353001555 | B69: PETROSERRA DISTRIBUIDORA DE PETRÓLEO LTDA | C69: =VLOOKUP(folha1[[#This Row],[Razão Social]],Planilha1!A:C,2,0) -> PETROSERRA | D69: BASES DO RAMO DE COMBUSTÍVEIS | E69: =VLOOKUP(folha1[[#This Row],[Razão Social]],Planilha1!A:C,3,0) -> REGIONAL | F69: Avenida Japão | G69: 91 | H69: Parque Industrial Clarita | I69: LOTE 01, QUADRA 01 | J69: JANAUBA | K69: MG | L69: 1950 | M69: 100 | N69: =IF(folha1[[#This Row],[Participação (%)]]=100,"BASE PRÓPRIA","BASE POOL") -> BASE PRÓPRIA | O69: 799 | P69: 45645
A70: 01560835000169 | B70: COMÉRCIO DE DERIVADOS DE PETRÓLEO ISABELLA LTDA. | C70: =VLOOKUP(folha1[[#This Row],[Razão Social]],Planilha1!A:C,2,0) -> COMÉRCIO DE DERIVADOS DE PETRÓLEO ISABELLA . | D70: BASES DO RAMO DE COMBUSTÍVEIS | E70: =VLOOKUP(folha1[[#This Row],[Razão Social]],Planilha1!A:C,3,0) -> REGIONAL | F70: RUA CIANORTE | G70: S/N | H70: JARDIM PARANÁ | I70: QD 57 | J70: ASSIS CHATEAUBRIAND | K70: PR | L70: 866.11 | M70: 100 | N70: =IF(folha1[[#This Row],[Participação (%)]]=100,"BASE PRÓPRIA","BASE POOL") -> BASE PRÓPRIA | O70: 212 | P70: 38517
A71: 01561464000300 | B71: TRIANGULO DISTRIBUIDORA DE PETRÓLEO LTDA | C71: =VLOOKUP(folha1[[#This Row],[Razão Social]],Planilha1!A:C,2,0) -> TRIANGULO | D71: BASES DO RAMO DE COMBUSTÍVEIS | E71: =VLOOKUP(folha1[[#This Row],[Razão Social]],Planilha1!A:C,3,0) -> REGIONAL | F71: Avenida Estocolmo | G71: 1438 | H71: Cascata | J71: PAULINIA | K71: SP | L71: 19710 | M71: 4.85 | N71: =IF(folha1[[#This Row],[Participação (%)]]=100,"BASE PRÓPRIA","BASE POOL") -> BASE POOL | O71: 935 | P71: 43810
A72: 01595949000144 | B72: ATLANTA DISTRIBUIDORA DE PETRÓLEO LTDA. | C72: =VLOOKUP(folha1[[#This Row],[Razão Social]],Planilha1!A:C,2,0) -> ATLANTA . | D72: BASES DO RAMO DE COMBUSTÍVEIS | E72: =VLOOKUP(folha1[[#This Row],[Razão Social]],Planilha1!A:C,3,0) -> REGIONAL | F72: Avenida Onofre Quinan | G72: 763 | H72: SÍTIO BOM JESUS | J72: PAULINIA | K72: SP | L72: 10019.96 | M72: 27.12 | N72: =IF(folha1[[#This Row],[Participação (%)]]=100,"BASE PRÓPRIA","BASE POOL") -> BASE POOL | O72: 534 | P72: 42662
A73: 01602498000125 | B73: WALENDOWSKY DISTRIBUIDORA DE COMBUSTÍVEIS LTDA | C73: =VLOOKUP(folha1[[#This Row],[Razão Social]],Planilha1!A:C,2,0) -> WALENDOWSKY | D73: BASES DO RAMO DE COMBUSTÍVEIS | E73: =VLOOKUP(folha1[[#This Row],[Razão Social]],Planilha1!A:C,3,0) -> REGIONAL | F73: RUA ALBERTO MULLER | G73: 5.000 | H73: DISTRITO DE LIMEIRA | J73: BRUSQUE | K73: SC | L73: 2825.95 | M73: 100 | N73: =IF(folha1[[#This Row],[Participação (%)]]=100,"BASE PRÓPRIA","BASE POOL") -> BASE PRÓPRIA | O73: 410 | P73: 43630
A74: 01617593000798 | B74: MONVALLE DISTRIBUIDORA DE PETROLEO LTDA | C74: =VLOOKUP(folha1[[#This Row],[Razão Social]],Planilha1!A:C,2,0) -> MONVALLE | D74: BASES DO RAMO DE COMBUSTÍVEIS | E74: =VLOOKUP(folha1[[#This Row],[Razão Social]],Planilha1!A:C,3,0) -> REGIONAL | F74: ROD DA BALSINHA | G74: S/N | H74: ZONA RURAL | I74: KM 18 A DIREITA 04 KM SALA 18 | J74: IGUATEMI | K74: MS | L74: 20120 | M74: 3.72 | N74: =IF(folha1[[#This Row],[Participação (%)]]=100,"BASE PRÓPRIA","BASE POOL") -> BASE POOL | O74: 486 | P74: 45106
A75: 01683557000218 | B75: SOLL DISTRIBUIDORA DE PETRÓLEO LTDA | C75: =VLOOKUP(folha1[[#This Row],[Razão Social]],Planilha1!A:C,2,0) -> SOLL | D75: BASES DO RAMO DE COMBUSTÍVEIS | E75: =VLOOKUP(folha1[[#This Row],[Razão Social]],Planilha1!A:C,3,0) -> REGIONAL | F75: PRACA CAMERINDO DE FREITAS | G75: S/N | H75: CENTRO | I75: KM 7 SALA 1 | J75: SAO FRANCISCO DO CONDE | K75: BA | L75: 6867 | M75: 25 | N75: =IF(folha1[[#This Row],[Participação (%)]]=100,"BASE PRÓPRIA","BASE POOL") -> BASE POOL | O75: 695 | P75: 44104
A76: 01683557001290 | B76: SOLL DISTRIBUIDORA DE PETRÓLEO LTDA | C76: =VLOOKUP(folha1[[#This Row],[Razão Social]],Planilha1!A:C,2,0) -> SOLL | D76: BASES DO RAMO DE COMBUSTÍVEIS | E76: =VLOOKUP(folha1[[#This Row],[Razão Social]],Planilha1!A:C,3,0) -> REGIONAL | F76: RUA SIDNEY CARDON DE OLIVEIRA | G76: 1723 | H76: CASCATA | J76: PAULINIA | K76: SP | L76: 11718.58 | M76: 6.4 | N76: =IF(folha1[[#This Row],[Participação (%)]]=100,"BASE PRÓPRIA","BASE POOL") -> BASE POOL | O76: 464 | P76: 41949
A77: 01787793000446 | B77: IDAZA DISTRIBUIDORA DE PETRÓLEO LTDA | C77: =VLOOKUP(folha1[[#This Row],[Razão Social]],Planilha1!A:C,2,0) -> IDAZA | D77: BASES DO RAMO DE COMBUSTÍVEIS | E77: =VLOOKUP(folha1[[#This Row],[Razão Social]],Planilha1!A:C,3,0) -> REGIONAL | F77: Rodovia BR 163 | G77: S/N | H77: Área Rural de Sinop | I77: KM 817,5 | J77: SINOP | K77: MT | L77: 12024.62 | M77: 100 | N77: =IF(folha1[[#This Row],[Participação (%)]]=100,"BASE PRÓPRIA","BASE POOL") -> BASE PRÓPRIA | O77: 329 | P77: 45818
A78: 01787793000799 | B78: IDAZA DISTRIBUIDORA DE PETRÓLEO LTDA | C78: =VLOOKUP(folha1[[#This Row],[Razão Social]],Planilha1!A:C,2,0) -> IDAZA | D78: BASES DO RAMO DE COMBUSTÍVEIS | E78: =VLOOKUP(folha1[[#This Row],[Razão Social]],Planilha1!A:C,3,0) -> REGIONAL | F78: Rua F-O | G78: 726 | H78: DISTRITO INDUSTRIAL | I78: LOTE 48 A 58 QUADRA 17 | J78: CUIABA | K78: MT | L78: 3060.48 | M78: 75.51 | N78: =IF(folha1[[#This Row],[Participação (%)]]=100,"BASE PRÓPRIA","BASE POOL") -> BASE POOL | O78: 358 | P78: 45834
A79: 01787793001841 | B79: IDAZA DISTRIBUIDORA DE PETRÓLEO LTDA | C79: =VLOOKUP(folha1[[#This Row],[Razão Social]],Planilha1!A:C,2,0) -> IDAZA | D79: BASES DO RAMO DE COMBUSTÍVEIS | E79: =VLOOKUP(folha1[[#This Row],[Razão Social]],Planilha1!A:C,3,0) -> REGIONAL | F79: Avenida Manoel Antunes Pessoa | G79: 1022 | H79: SÃO MIGUEL | J79: LAGES | K79: SC | L79: 9492.63 | M79: 92.1 | N79: =IF(folha1[[#This Row],[Participação (%)]]=100,"BASE PRÓPRIA","BASE POOL") -> BASE POOL | O79: 940 | P79: 44909
A80: 01787793001922 | B80: IDAZA DISTRIBUIDORA DE PETRÓLEO LTDA | C80: =VLOOKUP(folha1[[#This Row],[Razão Social]],Planilha1!A:C,2,0) -> IDAZA | D80: BASES DO RAMO DE COMBUSTÍVEIS | E80: =VLOOKUP(folha1[[#This Row],[Razão Social]],Planilha1!A:C,3,0) -> REGIONAL | F80: RODOVIA BR 277 | G80: S/N | H80: CAPÃO DO LEANDRO | I80: KM 351,5 | J80: GUARAPUAVA | K80: PR | L80: 1538.13 | M80: 100 | N80: =IF(folha1[[#This Row],[Participação (%)]]=100,"BASE PRÓPRIA","BASE POOL") -> BASE PRÓPRIA | O80: 549 | P80: 41997
A81: 01787793002066 | B81: IDAZA DISTRIBUIDORA DE PETRÓLEO LTDA | C81: =VLOOKUP(folha1[[#This Row],[Razão Social]],Planilha1!A:C,2,0) -> IDAZA | D81: BASES DO RAMO DE COMBUSTÍVEIS | E81: =VLOOKUP(folha1[[#This Row],[Razão Social]],Planilha1!A:C,3,0) -> REGIONAL | F81: Área Rural | G81: S/N | H81: Área Rural de Cascavel | I81: SETOR ACESSO BR 277, KM 569 | J81: CASCAVEL | K81: PR | L81: 10378 | M81: 100 | N81: =IF(folha1[[#This Row],[Participação (%)]]=100,"BASE PRÓPRIA","BASE POOL") -> BASE PRÓPRIA | O81: 770 | P81: 45635
A82: 01787793002147 | B82: IDAZA DISTRIBUIDORA DE PETRÓLEO LTDA | C82: =VLOOKUP(folha1[[#This Row],[Razão Social]],Planilha1!A:C,2,0) -> IDAZA | D82: BASES DO RAMO DE COMBUSTÍVEIS | E82: =VLOOKUP(folha1[[#This Row],[Razão Social]],Planilha1!A:C,3,0) -> REGIONAL | F82: Rua Doutor Eli Volpato | G82: 600 | H82: Chapada | J82: ARAUCARIA | K82: PR | L82: 11559.61 | M82: 93.93 | N82: =IF(folha1[[#This Row],[Participação (%)]]=100,"BASE PRÓPRIA","BASE POOL") -> BASE POOL | O82: 533 | P82: 45901
A83: 01787793002228 | B83: IDAZA DISTRIBUIDORA DE PETRÓLEO LTDA | C83: =VLOOKUP(folha1[[#This Row],[Razão Social]],Planilha1!A:C,2,0) -> IDAZA | D83: BASES DO RAMO DE COMBUSTÍVEIS | E83: =VLOOKUP(folha1[[#This Row],[Razão Social]],Planilha1!A:C,3,0) -> REGIONAL | F83: AV. TANAKA (RODOVIA BR 101 - KM 101,5 - S/N.º) | G83: 503 | H83: SANTO ANTONIO | J83: BALNEARIO PICARRAS | K83: SC | L83: 1493.85 | M83: 100 | N83: =IF(folha1[[#This Row],[Participação (%)]]=100,"BASE PRÓPRIA","BASE POOL") -> BASE PRÓPRIA | O83: 323 | P83: 40738
A84: 01799935000142 | B84: RAIZEN MIME COMBUSTIVEIS S/A. | C84: =VLOOKUP(folha1[[#This Row],[Razão Social]],Planilha1!A:C,2,0) -> RAIZEN MIME COMBUSTIVEIS . | D84: BASES DO RAMO DE COMBUSTÍVEIS | E84: =VLOOKUP(folha1[[#This Row],[Razão Social]],Planilha1!A:C,3,0) -> MAJOR | F84: RUA MANOEL FRANCISCO DA COSTA | G84: 2000 | H84: VIEIRA | J84: JARAGUA DO SUL | K84: SC | L84: 840 | M84: 100 | N84: =IF(folha1[[#This Row],[Participação (%)]]=100,"BASE PRÓPRIA","BASE POOL") -> BASE PRÓPRIA | O84: 570 | P84: 45917
A85: 01799935000223 | B85: RAIZEN MIME COMBUSTIVEIS S/A. | C85: =VLOOKUP(folha1[[#This Row],[Razão Social]],Planilha1!A:C,2,0) -> RAIZEN MIME COMBUSTIVEIS . | D85: BASES DO RAMO DE COMBUSTÍVEIS | E85: =VLOOKUP(folha1[[#This Row],[Razão Social]],Planilha1!A:C,3,0) -> MAJOR | F85: RODOVIA BR 153, KM 63 | G85: S/Nº | H85: ALTO IRANI | I85: km 62 | J85: IRANI | K85: SC | L85: 1490 | M85: 100 | N85: =IF(folha1[[#This Row],[Participação (%)]]=100,"BASE PRÓPRIA","BASE POOL") -> BASE PRÓPRIA | O85: 318 | P85: 44354
A86: 01799935000304 | B86: RAIZEN MIME COMBUSTIVEIS S/A. | C86: =VLOOKUP(folha1[[#This Row],[Razão Social]],Planilha1!A:C,2,0) -> RAIZEN MIME COMBUSTIVEIS . | D86: BASES DO RAMO DE COMBUSTÍVEIS | E86: =VLOOKUP(folha1[[#This Row],[Razão Social]],Planilha1!A:C,3,0) -> MAJOR | F86: RUA JOSE DEMO | G86: 2538 | H86: POÇO TRES | J86: ICARA | K86: SC | L86: 1506.97 | M86: 100 | N86: =IF(folha1[[#This Row],[Participação (%)]]=100,"BASE PRÓPRIA","BASE POOL") -> BASE PRÓPRIA | O86: 294 | P86: 43956
A87: 01799935000576 | B87: RAIZEN MIME COMBUSTIVEIS S/A. | C87: =VLOOKUP(folha1[[#This Row],[Razão Social]],Planilha1!A:C,2,0) -> RAIZEN MIME COMBUSTIVEIS . | D87: BASES DO RAMO DE COMBUSTÍVEIS | E87: =VLOOKUP(folha1[[#This Row],[Razão Social]],Planilha1!A:C,3,0) -> MAJOR | F87: AVENIDA BENJAMIM DAGNONI | G87: 905 | H87: RIO DO MEIO | J87: ITAJAI | K87: SC | L87: 14961.43 | M87: 28.95 | N87: =IF(folha1[[#This Row],[Participação (%)]]=100,"BASE PRÓPRIA","BASE POOL") -> BASE POOL | O87: 364 | P87: 42129
A88: 01804345000160 | B88: ESTRADA DISTRIBUIDORA DE DERIVADOS DE PETRÓLEO LTDA. | C88: =VLOOKUP(folha1[[#This Row],[Razão Social]],Planilha1!A:C,2,0) -> ESTRADA . | D88: BASES DO RAMO DE COMBUSTÍVEIS | E88: =VLOOKUP(folha1[[#This Row],[Razão Social]],Planilha1!A:C,3,0) -> REGIONAL | F88: BR 277 KM 579 | G88: S/N | H88: CENTRALITO | I88: RODOVIA | J88: CASCAVEL | K88: PR | L88: 9732.97 | M88: 100 | N88: =IF(folha1[[#This Row],[Participação (%)]]=100,"BASE PRÓPRIA","BASE POOL") -> BASE PRÓPRIA | O88: 228 | P88: 45775
A89: 01902563000219 | B89: DISTRIBUIDORA DE COMBUSTÍVEL TORRÃO LTDA. | C89: =VLOOKUP(folha1[[#This Row],[Razão Social]],Planilha1!A:C,2,0) -> TORRÃO . | D89: BASES DO RAMO DE COMBUSTÍVEIS | E89: =VLOOKUP(folha1[[#This Row],[Razão Social]],Planilha1!A:C,3,0) -> REGIONAL | F89: RUA SIDNEY CARDON DE OLIVEIRA | G89: 2037 | H89: CASCATA | J89: PAULINIA | K89: SP | L89: 7354.65 | M89: 100 | N89: =IF(folha1[[#This Row],[Participação (%)]]=100,"BASE PRÓPRIA","BASE POOL") -> BASE PRÓPRIA | O89: 327 | P89: 40738
A90: 01902563000308 | B90: DISTRIBUIDORA DE COMBUSTÍVEL TORRÃO LTDA. | C90: =VLOOKUP(folha1[[#This Row],[Razão Social]],Planilha1!A:C,2,0) -> TORRÃO . | D90: BASES DO RAMO DE COMBUSTÍVEIS | E90: =VLOOKUP(folha1[[#This Row],[Razão Social]],Planilha1!A:C,3,0) -> REGIONAL | F90: ESTRADA VELHA DE GUARULHOS | G90: 303 | H90: JARDIM ARAPONGA | J90: GUARULHOS | K90: SP | L90: 8634.69 | M90: 11.27 | N90: =IF(folha1[[#This Row],[Participação (%)]]=100,"BASE PRÓPRIA","BASE POOL") -> BASE POOL | O90: 782 | P90: 41564
A91: 01902563000723 | B91: DISTRIBUIDORA DE COMBUSTÍVEL TORRÃO LTDA. | C91: =VLOOKUP(folha1[[#This Row],[Razão Social]],Planilha1!A:C,2,0) -> TORRÃO . | D91: BASES DO RAMO DE COMBUSTÍVEIS | E91: =VLOOKUP(folha1[[#This Row],[Razão Social]],Planilha1!A:C,3,0) -> REGIONAL | F91: AVENIDA V | G91: 995 | H91: DISTRITO INDUSTRIAL | J91: CUIABA | K91: MT | L91: 1876 | M91: 100 | N91: =IF(folha1[[#This Row],[Participação (%)]]=100,"BASE PRÓPRIA","BASE POOL") -> BASE PRÓPRIA | O91: 815 | P91: 44869
A92: 01902563000804 | B92: DISTRIBUIDORA DE COMBUSTÍVEL TORRÃO LTDA. | C92: =VLOOKUP(folha1[[#This Row],[Razão Social]],Planilha1!A:C,2,0) -> TORRÃO . | D92: BASES DO RAMO DE COMBUSTÍVEIS | E92: =VLOOKUP(folha1[[#This Row],[Razão Social]],Planilha1!A:C,3,0) -> REGIONAL | F92: RODOVIA BR-381 FERNAO DIAS KM 483,8 | G92: A/N | H92: DISTRITO INDUSTRIAL JARDIM PIEMONT SUL | I92: SALAS 06, 07 E 08 | J92: BETIM | K92: MG | L92: 8187.78 | M92: 20 | N92: =IF(folha1[[#This Row],[Participação (%)]]=100,"BASE PRÓPRIA","BASE POOL") -> BASE POOL | O92: 893 | P92: 43801
A93: 01902563000995 | B93: DISTRIBUIDORA DE COMBUSTÍVEL TORRÃO LTDA. | C93: =VLOOKUP(folha1[[#This Row],[Razão Social]],Planilha1!A:C,2,0) -> TORRÃO . | D93: BASES DO RAMO DE COMBUSTÍVEIS | E93: =VLOOKUP(folha1[[#This Row],[Razão Social]],Planilha1!A:C,3,0) -> REGIONAL | F93: Via José Luiz Galvão | G93: 2200 | H93: Bom Jesus | J93: RIBEIRAO PRETO | K93: SP | L93: 11732.83 | M93: 5.95 | N93: =IF(folha1[[#This Row],[Participação (%)]]=100,"BASE PRÓPRIA","BASE POOL") -> BASE POOL | O93: 717 | P93: 45183
A94: 01902563001029 | B94: DISTRIBUIDORA DE COMBUSTÍVEL TORRÃO LTDA. | C94: =VLOOKUP(folha1[[#This Row],[Razão Social]],Planilha1!A:C,2,0) -> TORRÃO . | D94: BASES DO RAMO DE COMBUSTÍVEIS | E94: =VLOOKUP(folha1[[#This Row],[Razão Social]],Planilha1!A:C,3,0) -> REGIONAL | F94: ESTRADA PLN 410 | G94: 1007 | H94: SÍTIO BOA VISTA | J94: PAULINIA | K94: SP | L94: 9503 | M94: 100 | N94: =IF(folha1[[#This Row],[Participação (%)]]=100,"BASE PRÓPRIA","BASE POOL") -> BASE PRÓPRIA | O94: 651 | P94: 42720
A95: 01902563001100 | B95: DISTRIBUIDORA DE COMBUSTÍVEL TORRÃO LTDA. | C95: =VLOOKUP(folha1[[#This Row],[Razão Social]],Planilha1!A:C,2,0) -> TORRÃO . | D95: BASES DO RAMO DE COMBUSTÍVEIS | E95: =VLOOKUP(folha1[[#This Row],[Razão Social]],Planilha1!A:C,3,0) -> REGIONAL | F95: PRACA CAMERINDO DE FREITAS | G95: S/N | H95: CENTRO | I95: KM 7 SALA 1 | J95: SAO FRANCISCO DO CONDE | K95: BA | L95: 6867 | M95: 22.34 | N95: =IF(folha1[[#This Row],[Participação (%)]]=100,"BASE PRÓPRIA","BASE POOL") -> BASE POOL | O95: 695 | P95: 44104
A96: 01902563001290 | B96: DISTRIBUIDORA DE COMBUSTÍVEL TORRÃO LTDA. | C96: =VLOOKUP(folha1[[#This Row],[Razão Social]],Planilha1!A:C,2,0) -> TORRÃO . | D96: BASES DO RAMO DE COMBUSTÍVEIS | E96: =VLOOKUP(folha1[[#This Row],[Razão Social]],Planilha1!A:C,3,0) -> REGIONAL | F96: Avenida Aldo Borges Leão | G96: 4911 | H96: MORADA NOVA | I96: SALA SEM INSC. MUNIC | J96: UBERLANDIA | K96: MG | L96: 6123.7 | M96: 12.25 | N96: =IF(folha1[[#This Row],[Participação (%)]]=100,"BASE PRÓPRIA","BASE POOL") -> BASE POOL | O96: 153 | P96: 46104
A97: 01911853000148 | B97: DISTRIBUIDORA MONTEPETRO DE PETRÓLEO LTDA. | C97: =VLOOKUP(folha1[[#This Row],[Razão Social]],Planilha1!A:C,2,0) -> MONTEPETRO DE PETRÓLEO . | D97: BASES DO RAMO DE COMBUSTÍVEIS | E97: =VLOOKUP(folha1[[#This Row],[Razão Social]],Planilha1!A:C,3,0) -> REGIONAL | F97: Rua do Prata | G97: 1200 | H97: Chácaras Bonanza | J97: UBERLANDIA | K97: MG | L97: 1450 | M97: 100 | N97: =IF(folha1[[#This Row],[Participação (%)]]=100,"BASE PRÓPRIA","BASE POOL") -> BASE PRÓPRIA | O97: 52 | P97: 44224
A98: 01973067001066 | B98: AMERICANOIL DISTRIBUIDORA DE DERIVADOS DE PETRÓLEO LTDA. | C98: =VLOOKUP(folha1[[#This Row],[Razão Social]],Planilha1!A:C,2,0) -> AMERICANOIL . | D98: BASES DO RAMO DE COMBUSTÍVEIS | E98: =VLOOKUP(folha1[[#This Row],[Razão Social]],Planilha1!A:C,3,0) -> REGIONAL | F98: Avenida Manoel Antunes Pessoa | G98: 1022 | H98: SÃO MIGUEL | J98: LAGES | K98: SC | L98: 9492.63 | M98: 7.9 | N98: =IF(folha1[[#This Row],[Participação (%)]]=100,"BASE PRÓPRIA","BASE POOL") -> BASE POOL | O98: 940 | P98: 44909
A99: 02044526000280 | B99: SMALL DISTRIBUIDORA DE DERIVADOS DE PETRÓLEO LTDA. | C99: =VLOOKUP(folha1[[#This Row],[Razão Social]],Planilha1!A:C,2,0) -> SMALL . | D99: BASES DO RAMO DE COMBUSTÍVEIS | E99: =VLOOKUP(folha1[[#This Row],[Razão Social]],Planilha1!A:C,3,0) -> REGIONAL | F99: AVENIDA SOLON PADILHA | G99: 1131 | H99: NOVA CAMPO GRANDE | J99: CAMPO GRANDE | K99: MS | L99: 800 | M99: 100 | N99: =IF(folha1[[#This Row],[Participação (%)]]=100,"BASE PRÓPRIA","BASE POOL") -> BASE PRÓPRIA | O99: 107 | P99: 37754
A100: 02044526000360 | B100: SMALL DISTRIBUIDORA DE DERIVADOS DE PETRÓLEO LTDA. | C100: =VLOOKUP(folha1[[#This Row],[Razão Social]],Planilha1!A:C,2,0) -> SMALL . | D100: BASES DO RAMO DE COMBUSTÍVEIS | E100: =VLOOKUP(folha1[[#This Row],[Razão Social]],Planilha1!A:C,3,0) -> REGIONAL | F100: RODOVIA ASSIS CHATEAUBRIAND | G100: S/N | H100: VILA MARIA | I100: KM 457 | J100: PRESIDENTE PRUDENTE | K100: SP | L100: 2211.72 | M100: 100 | N100: =IF(folha1[[#This Row],[Participação (%)]]=100,"BASE PRÓPRIA","BASE POOL") -> BASE PRÓPRIA | O100: 316 | P100: 41869
...

Sheet Planilha1
A1: Razão Social | B1: Razão Social | C1: TIPO
A2: 76 OIL DISTRIBUIDORA DE COMBUSTÍVEIS S/A | B2: 76 OIL | C2: REGIONAL
A3: ACAI PARA COMERCIO DE PETROLEO LTDA | B3: ACAI PARA COMERCIO DE PETROLEO | C3: REGIONAL
A4: ACAI PETROLEO MATO GROSSO LTDA | B4: ACAI PETROLEO MATO GROSSO | C4: REGIONAL
A5: ACOL DISTRIBUIDORA DE COMBUSTÍVEIS LTDA. | B5: ACOL . | C5: REGIONAL
A6: AGILE LOGISTICA E DISTRIBUIÇÃO DE COMBUSTÍVEIS LTDA | B6: AGILE LOGISTICA E | C6: REGIONAL
A7: ALCOOLBRAS - ÁLCOOL DO BRASIL DISTRIBUIDORA DE COMBUSTÍVEIS LTDA. | B7: ALCOOLBRAS - ÁLCOOL DO BRASIL . | C7: REGIONAL
A8: ALE COMBUSTIVEIS S.A. | B8: ALE COMBUSTIVEIS | C8: REGIONAL
A9: ALFA DISTRIBUIDORA DE PETRÓLEO LTDA. | B9: ALFA . | C9: REGIONAL
A10: ALL DISTRIBUIDORA DE COMBUSTÍVEIS EIRELI | B10: ALL EIRELI | C10: REGIONAL
A11: ALLGREEN DISTRIBUIDORA DE COMBUSTÍVEIS LTDA. | B11: ALLGREEN . | C11: REGIONAL
A12: ALPES DISTRIBUIDORA DE PETRÓLEO LTDA. | B12: ALPES . | C12: REGIONAL
... A182: YPETRO DISTRIBUIDORA DE COMBUSTIVEIS S.A. | B182: YPETRO | C182: REGIONAL
